[   42602ms] [ERROR] Failed to load resource: the server responded with a status of 500 (Internal Server Error) @ http://localhost:3000/captured-data:0
[   43151ms] [INFO] %cDownload the React DevTools for a better development experience: https://react.dev/link/react-devtools font-weight:bold @ webpack-internal:///(pages-dir-browser)/./node_modules/react-dom/cjs/react-dom-client.development.js:28004
[   43267ms] Error: Cannot find module './611.js'
Require stack:
- /Users/soumanpaul/Desktop/Desk/interview/products/cybershield-web/.next/server/webpack-runtime.js
- /Users/soumanpaul/Desktop/Desk/interview/products/cybershield-web/.next/server/pages/_document.js
- /Users/soumanpaul/Desktop/Desk/interview/products/cybershield-web/node_modules/next/dist/server/require.js
- /Users/soumanpaul/Desktop/Desk/interview/products/cybershield-web/node_modules/next/dist/server/load-components.js
- /Users/soumanpaul/Desktop/Desk/interview/products/cybershield-web/node_modules/next/dist/build/utils.js
- /Users/soumanpaul/Desktop/Desk/interview/products/cybershield-web/node_modules/next/dist/build/swc/options.js
- /Users/soumanpaul/Desktop/Desk/interview/products/cybershield-web/node_modules/next/dist/build/swc/index.js
- /Users/soumanpaul/Desktop/Desk/interview/products/cybershield-web/node_modules/next/dist/build/next-config-ts/transpile-config.js
- /Users/soumanpaul/Desktop/Desk/interview/products/cybershield-web/node_modules/next/dist/server/config.js
- /Users/soumanpaul/Desktop/Desk/interview/products/cybershield-web/node_modules/next/dist/server/next.js
- /Users/soumanpaul/Desktop/Desk/interview/products/cybershield-web/node_modules/next/dist/server/lib/start-server.js
    at Module.<anonymous> (node:internal/modules/cjs/loader:1569:15)
    at <unknown> (file:///Users/soumanpaul/Desktop/Desk/interview/products/cybershield-web/node_modules/next/dist/server/require-hook.js:57:36)
    at wrapResolveFilename (node:internal/modules/cjs/loader:1123:27)
    at defaultResolveImplForCJSLoading (node:internal/modules/cjs/loader:1147:10)
    at defaultResolve (node:internal/modules/cjs/loader:1204:20)
    at nextStep (node:internal/modules/customization_hooks:189:26)
    at He (file:///Users/soumanpaul/Desktop/Desk/interview/products/cybershield-web/node_modules/@tailwindcss/node/dist/index.js:1:1283)
    at nextStep (node:internal/modules/customization_hooks:189:26)
    at resolveWithHooks (node:internal/modules/customization_hooks:417:10)
    at resolveForCJSWithHooks (node:internal/modules/cjs/loader:1217:25)
    at Module._load (node:internal/modules/cjs/loader:1346:5)
    at wrapModuleLoad (node:internal/modules/cjs/loader:261:19)
    at Module.<anonymous> (node:internal/modules/cjs/loader:1679:12)
    at mod.require (file:///Users/soumanpaul/Desktop/Desk/interview/products/cybershield-web/node_modules/next/dist/server/require-hook.js:68:28)
    at require (node:internal/modules/helpers:196:16)
    at __webpack_require__.f.require (file:///Users/soumanpaul/Desktop/Desk/interview/products/cybershield-web/.next/server/webpack-runtime.js:195:28)
    at <unknown> (file:///Users/soumanpaul/Desktop/Desk/interview/products/cybershield-web/.next/server/webpack-runtime.js:103:40)
    at Array.reduce (<anonymous>)
    at __webpack_require__.e (file:///Users/soumanpaul/Desktop/Desk/interview/products/cybershield-web/.next/server/webpack-runtime.js:102:67)
    at Array.map (<anonymous>)
    at __webpack_require__.X (file:///Users/soumanpaul/Desktop/Desk/interview/products/cybershield-web/.next/server/webpack-runtime.js:154:22)
    at <unknown> (file:///Users/soumanpaul/Desktop/Desk/interview/products/cybershield-web/.next/server/pages/_document.js:1:325)
    at Object.<anonymous> (file:///Users/soumanpaul/Desktop/Desk/interview/products/cybershield-web/.next/server/pages/_document.js:1:371)
    at Module._compile (node:internal/modules/cjs/loader:1934:14)
    at Object..js (node:internal/modules/cjs/loader:2074:10)
    at Module.load (node:internal/modules/cjs/loader:1656:32)
    at Module._load (node:internal/modules/cjs/loader:1448:12)
    at wrapModuleLoad (node:internal/modules/cjs/loader:261:19)
    at Module.<anonymous> (node:internal/modules/cjs/loader:1679:12)
    at mod.require (file:///Users/soumanpaul/Desktop/Desk/interview/products/cybershield-web/node_modules/next/dist/server/require-hook.js:68:28)
    at require (node:internal/modules/helpers:196:16)
    at requirePage (file:///Users/soumanpaul/Desktop/Desk/interview/products/cybershield-web/node_modules/next/dist/server/require.js:99:80)
    at loadComponentsImpl (file:///Users/soumanpaul/Desktop/Desk/interview/products/cybershield-web/node_modules/next/dist/server/load-components.js:86:38)
    at DevServer.findPageComponentsImpl (file:///Users/soumanpaul/Desktop/Desk/interview/products/cybershield-web/node_modules/next/dist/server/next-server.js:900:77)
    at <unknown> (file:///Users/soumanpaul/Desktop/Desk/interview/products/cybershield-web/node_modules/next/dist/server/next-server.js:878:21)
    at <unknown> (file:///Users/soumanpaul/Desktop/Desk/interview/products/cybershield-web/node_modules/next/dist/server/lib/trace/tracer.js:184:36)
    at NoopContextManager.with (file:///Users/soumanpaul/Desktop/Desk/interview/products/cybershield-web/node_modules/next/dist/compiled/@opentelemetry/api/index.js:1:7062)
    at ContextAPI.with (file:///Users/soumanpaul/Desktop/Desk/interview/products/cybershield-web/node_modules/next/dist/compiled/@opentelemetry/api/index.js:1:518)
    at NoopTracer.startActiveSpan (file:///Users/soumanpaul/Desktop/Desk/interview/products/cybershield-web/node_modules/next/dist/compiled/@opentelemetry/api/index.js:1:18093)
    at ProxyTracer.startActiveSpan (file:///Users/soumanpaul/Desktop/Desk/interview/products/cybershield-web/node_modules/next/dist/compiled/@opentelemetry/api/index.js:1:18854)
    at <unknown> (file:///Users/soumanpaul/Desktop/Desk/interview/products/cybershield-web/node_modules/next/dist/server/lib/trace/tracer.js:153:103)
    at NoopContextManager.with (file:///Users/soumanpaul/Desktop/Desk/interview/products/cybershield-web/node_modules/next/dist/compiled/@opentelemetry/api/index.js:1:7062)
    at ContextAPI.with (file:///Users/soumanpaul/Desktop/Desk/interview/products/cybershield-web/node_modules/next/dist/compiled/@opentelemetry/api/index.js:1:518)
    at NextTracerImpl.trace (file:///Users/soumanpaul/Desktop/Desk/interview/products/cybershield-web/node_modules/next/dist/server/lib/trace/tracer.js:153:28)
    at DevServer.findPageComponents (file:///Users/soumanpaul/Desktop/Desk/interview/products/cybershield-web/node_modules/next/dist/server/next-server.js:873:41)
    at DevServer.findPageComponents (file:///Users/soumanpaul/Desktop/Desk/interview/products/cybershield-web/node_modules/next/dist/server/dev/next-dev-server.js:706:28)
    at async DevServer.renderErrorToResponseImpl (file:///Users/soumanpaul/Desktop/Desk/interview/products/cybershield-web/node_modules/next/dist/server/base-server.js:1695:26)
    at async pipe.req.req (file:///Users/soumanpaul/Desktop/Desk/interview/products/cybershield-web/node_modules/next/dist/server/base-server.js:1618:30)
    at async DevServer.pipeImpl (file:///Users/soumanpaul/Desktop/Desk/interview/products/cybershield-web/node_modules/next/dist/server/base-server.js:1026:25)
    at async NextNodeServer.handleCatchallRenderRequest (file:///Users/soumanpaul/Desktop/Desk/interview/products/cybershield-web/node_modules/next/dist/server/next-server.js:409:21)
[   43315ms] [LOG] [HMR] connected @ webpack-internal:///(pages-dir-browser)/./node_modules/next/dist/client/dev/hot-reloader/pages/websocket.js:45
[   43328ms] [ERROR] Failed to load resource: the server responded with a status of 404 (Not Found) @ http://localhost:3000/favicon.ico:0
[   43583ms] [LOG] [Fast Refresh] rebuilding @ webpack-internal:///(pages-dir-browser)/./node_modules/next/dist/client/dev/hot-reloader/pages/hot-reloader-pages.js:206
[   43597ms] [ERROR] Failed to load resource: the server responded with a status of 404 (Not Found) @ http://localhost:3000/_next/static/webpack/cf54367995c4a352.webpack.hot-update.json:0
[   43598ms] [WARNING] [Fast Refresh] performing full reload because your application had an unrecoverable error @ webpack-internal:///(pages-dir-browser)/./node_modules/next/dist/client/dev/hot-reloader/pages/hot-reloader-pages.js:347
[   44261ms] [LOG] [Fast Refresh] rebuilding @ webpack-internal:///(pages-dir-browser)/./node_modules/next/dist/client/dev/hot-reloader/pages/hot-reloader-pages.js:206
[   44262ms] [LOG] [Fast Refresh] rebuilding @ webpack-internal:///(pages-dir-browser)/./node_modules/next/dist/client/dev/hot-reloader/pages/hot-reloader-pages.js:206
[   44305ms] [ERROR] Failed to load resource: the server responded with a status of 500 (Internal Server Error) @ http://localhost:3000/captured-data:0
[   44720ms] [INFO] %cDownload the React DevTools for a better development experience: https://react.dev/link/react-devtools font-weight:bold @ webpack-internal:///(pages-dir-browser)/./node_modules/react-dom/cjs/react-dom-client.development.js:28004
[   44740ms] Error: Cannot find module './611.js'
Require stack:
- /Users/soumanpaul/Desktop/Desk/interview/products/cybershield-web/.next/server/webpack-runtime.js
- /Users/soumanpaul/Desktop/Desk/interview/products/cybershield-web/.next/server/pages/_document.js
- /Users/soumanpaul/Desktop/Desk/interview/products/cybershield-web/node_modules/next/dist/server/require.js
- /Users/soumanpaul/Desktop/Desk/interview/products/cybershield-web/node_modules/next/dist/server/load-components.js
- /Users/soumanpaul/Desktop/Desk/interview/products/cybershield-web/node_modules/next/dist/build/utils.js
- /Users/soumanpaul/Desktop/Desk/interview/products/cybershield-web/node_modules/next/dist/build/swc/options.js
- /Users/soumanpaul/Desktop/Desk/interview/products/cybershield-web/node_modules/next/dist/build/swc/index.js
- /Users/soumanpaul/Desktop/Desk/interview/products/cybershield-web/node_modules/next/dist/build/next-config-ts/transpile-config.js
- /Users/soumanpaul/Desktop/Desk/interview/products/cybershield-web/node_modules/next/dist/server/config.js
- /Users/soumanpaul/Desktop/Desk/interview/products/cybershield-web/node_modules/next/dist/server/next.js
- /Users/soumanpaul/Desktop/Desk/interview/products/cybershield-web/node_modules/next/dist/server/lib/start-server.js
    at Module.<anonymous> (node:internal/modules/cjs/loader:1569:15)
    at <unknown> (file:///Users/soumanpaul/Desktop/Desk/interview/products/cybershield-web/node_modules/next/dist/server/require-hook.js:57:36)
    at wrapResolveFilename (node:internal/modules/cjs/loader:1123:27)
    at defaultResolveImplForCJSLoading (node:internal/modules/cjs/loader:1147:10)
    at defaultResolve (node:internal/modules/cjs/loader:1204:20)
    at nextStep (node:internal/modules/customization_hooks:189:26)
    at He (file:///Users/soumanpaul/Desktop/Desk/interview/products/cybershield-web/node_modules/@tailwindcss/node/dist/index.js:1:1283)
    at nextStep (node:internal/modules/customization_hooks:189:26)
    at resolveWithHooks (node:internal/modules/customization_hooks:417:10)
    at resolveForCJSWithHooks (node:internal/modules/cjs/loader:1217:25)
    at Module._load (node:internal/modules/cjs/loader:1346:5)
    at wrapModuleLoad (node:internal/modules/cjs/loader:261:19)
    at Module.<anonymous> (node:internal/modules/cjs/loader:1679:12)
    at mod.require (file:///Users/soumanpaul/Desktop/Desk/interview/products/cybershield-web/node_modules/next/dist/server/require-hook.js:68:28)
    at require (node:internal/modules/helpers:196:16)
    at __webpack_require__.f.require (file:///Users/soumanpaul/Desktop/Desk/interview/products/cybershield-web/.next/server/webpack-runtime.js:195:28)
    at <unknown> (file:///Users/soumanpaul/Desktop/Desk/interview/products/cybershield-web/.next/server/webpack-runtime.js:103:40)
    at Array.reduce (<anonymous>)
    at __webpack_require__.e (file:///Users/soumanpaul/Desktop/Desk/interview/products/cybershield-web/.next/server/webpack-runtime.js:102:67)
    at Array.map (<anonymous>)
    at __webpack_require__.X (file:///Users/soumanpaul/Desktop/Desk/interview/products/cybershield-web/.next/server/webpack-runtime.js:154:22)
    at <unknown> (file:///Users/soumanpaul/Desktop/Desk/interview/products/cybershield-web/.next/server/pages/_document.js:1:325)
    at Object.<anonymous> (file:///Users/soumanpaul/Desktop/Desk/interview/products/cybershield-web/.next/server/pages/_document.js:1:371)
    at Module._compile (node:internal/modules/cjs/loader:1934:14)
    at Object..js (node:internal/modules/cjs/loader:2074:10)
    at Module.load (node:internal/modules/cjs/loader:1656:32)
    at Module._load (node:internal/modules/cjs/loader:1448:12)
    at wrapModuleLoad (node:internal/modules/cjs/loader:261:19)
    at Module.<anonymous> (node:internal/modules/cjs/loader:1679:12)
    at mod.require (file:///Users/soumanpaul/Desktop/Desk/interview/products/cybershield-web/node_modules/next/dist/server/require-hook.js:68:28)
    at require (node:internal/modules/helpers:196:16)
    at requirePage (file:///Users/soumanpaul/Desktop/Desk/interview/products/cybershield-web/node_modules/next/dist/server/require.js:99:80)
    at loadComponentsImpl (file:///Users/soumanpaul/Desktop/Desk/interview/products/cybershield-web/node_modules/next/dist/server/load-components.js:86:38)
    at DevServer.findPageComponentsImpl (file:///Users/soumanpaul/Desktop/Desk/interview/products/cybershield-web/node_modules/next/dist/server/next-server.js:900:77)
    at <unknown> (file:///Users/soumanpaul/Desktop/Desk/interview/products/cybershield-web/node_modules/next/dist/server/next-server.js:878:21)
    at <unknown> (file:///Users/soumanpaul/Desktop/Desk/interview/products/cybershield-web/node_modules/next/dist/server/lib/trace/tracer.js:184:36)
    at NoopContextManager.with (file:///Users/soumanpaul/Desktop/Desk/interview/products/cybershield-web/node_modules/next/dist/compiled/@opentelemetry/api/index.js:1:7062)
    at ContextAPI.with (file:///Users/soumanpaul/Desktop/Desk/interview/products/cybershield-web/node_modules/next/dist/compiled/@opentelemetry/api/index.js:1:518)
    at NoopTracer.startActiveSpan (file:///Users/soumanpaul/Desktop/Desk/interview/products/cybershield-web/node_modules/next/dist/compiled/@opentelemetry/api/index.js:1:18093)
    at ProxyTracer.startActiveSpan (file:///Users/soumanpaul/Desktop/Desk/interview/products/cybershield-web/node_modules/next/dist/compiled/@opentelemetry/api/index.js:1:18854)
    at <unknown> (file:///Users/soumanpaul/Desktop/Desk/interview/products/cybershield-web/node_modules/next/dist/server/lib/trace/tracer.js:153:103)
    at NoopContextManager.with (file:///Users/soumanpaul/Desktop/Desk/interview/products/cybershield-web/node_modules/next/dist/compiled/@opentelemetry/api/index.js:1:7062)
    at ContextAPI.with (file:///Users/soumanpaul/Desktop/Desk/interview/products/cybershield-web/node_modules/next/dist/compiled/@opentelemetry/api/index.js:1:518)
    at NextTracerImpl.trace (file:///Users/soumanpaul/Desktop/Desk/interview/products/cybershield-web/node_modules/next/dist/server/lib/trace/tracer.js:153:28)
    at DevServer.findPageComponents (file:///Users/soumanpaul/Desktop/Desk/interview/products/cybershield-web/node_modules/next/dist/server/next-server.js:873:41)
    at DevServer.findPageComponents (file:///Users/soumanpaul/Desktop/Desk/interview/products/cybershield-web/node_modules/next/dist/server/dev/next-dev-server.js:706:28)
    at async DevServer.renderErrorToResponseImpl (file:///Users/soumanpaul/Desktop/Desk/interview/products/cybershield-web/node_modules/next/dist/server/base-server.js:1695:26)
    at async pipe.req.req (file:///Users/soumanpaul/Desktop/Desk/interview/products/cybershield-web/node_modules/next/dist/server/base-server.js:1618:30)
    at async DevServer.pipeImpl (file:///Users/soumanpaul/Desktop/Desk/interview/products/cybershield-web/node_modules/next/dist/server/base-server.js:1026:25)
    at async NextNodeServer.handleCatchallRenderRequest (file:///Users/soumanpaul/Desktop/Desk/interview/products/cybershield-web/node_modules/next/dist/server/next-server.js:409:21)
[   44741ms] [LOG] [HMR] connected @ webpack-internal:///(pages-dir-browser)/./node_modules/next/dist/client/dev/hot-reloader/pages/websocket.js:45
[   45094ms] [LOG] [Fast Refresh] rebuilding @ webpack-internal:///(pages-dir-browser)/./node_modules/next/dist/client/dev/hot-reloader/pages/hot-reloader-pages.js:206
[   45318ms] [ERROR] Failed to load resource: the server responded with a status of 404 (Not Found) @ http://localhost:3000/_next/static/webpack/cf54367995c4a352.webpack.hot-update.json:0
[   45318ms] [WARNING] [Fast Refresh] performing full reload because your application had an unrecoverable error @ webpack-internal:///(pages-dir-browser)/./node_modules/next/dist/client/dev/hot-reloader/pages/hot-reloader-pages.js:347
[   45691ms] [LOG] [Fast Refresh] rebuilding @ webpack-internal:///(pages-dir-browser)/./node_modules/next/dist/client/dev/hot-reloader/pages/hot-reloader-pages.js:206
[   45712ms] [ERROR] Failed to load resource: the server responded with a status of 404 (Not Found) @ http://localhost:3000/_next/static/webpack/cf54367995c4a352.webpack.hot-update.json:0
[   45712ms] [WARNING] [Fast Refresh] performing full reload because your application had an unrecoverable error @ webpack-internal:///(pages-dir-browser)/./node_modules/next/dist/client/dev/hot-reloader/pages/hot-reloader-pages.js:347
[   45948ms] [ERROR] Failed to load resource: the server responded with a status of 500 (Internal Server Error) @ http://localhost:3000/captured-data:0
[   46196ms] [INFO] %cDownload the React DevTools for a better development experience: https://react.dev/link/react-devtools font-weight:bold @ webpack-internal:///(pages-dir-browser)/./node_modules/react-dom/cjs/react-dom-client.development.js:28004
[   46209ms] Error: Cannot find module './611.js'
Require stack:
- /Users/soumanpaul/Desktop/Desk/interview/products/cybershield-web/.next/server/webpack-runtime.js
- /Users/soumanpaul/Desktop/Desk/interview/products/cybershield-web/.next/server/pages/_document.js
- /Users/soumanpaul/Desktop/Desk/interview/products/cybershield-web/node_modules/next/dist/server/require.js
- /Users/soumanpaul/Desktop/Desk/interview/products/cybershield-web/node_modules/next/dist/server/load-components.js
- /Users/soumanpaul/Desktop/Desk/interview/products/cybershield-web/node_modules/next/dist/build/utils.js
- /Users/soumanpaul/Desktop/Desk/interview/products/cybershield-web/node_modules/next/dist/build/swc/options.js
- /Users/soumanpaul/Desktop/Desk/interview/products/cybershield-web/node_modules/next/dist/build/swc/index.js
- /Users/soumanpaul/Desktop/Desk/interview/products/cybershield-web/node_modules/next/dist/build/next-config-ts/transpile-config.js
- /Users/soumanpaul/Desktop/Desk/interview/products/cybershield-web/node_modules/next/dist/server/config.js
- /Users/soumanpaul/Desktop/Desk/interview/products/cybershield-web/node_modules/next/dist/server/next.js
- /Users/soumanpaul/Desktop/Desk/interview/products/cybershield-web/node_modules/next/dist/server/lib/start-server.js
    at Module.<anonymous> (node:internal/modules/cjs/loader:1569:15)
    at <unknown> (file:///Users/soumanpaul/Desktop/Desk/interview/products/cybershield-web/node_modules/next/dist/server/require-hook.js:57:36)
    at wrapResolveFilename (node:internal/modules/cjs/loader:1123:27)
    at defaultResolveImplForCJSLoading (node:internal/modules/cjs/loader:1147:10)
    at defaultResolve (node:internal/modules/cjs/loader:1204:20)
    at nextStep (node:internal/modules/customization_hooks:189:26)
    at He (file:///Users/soumanpaul/Desktop/Desk/interview/products/cybershield-web/node_modules/@tailwindcss/node/dist/index.js:1:1283)
    at nextStep (node:internal/modules/customization_hooks:189:26)
    at resolveWithHooks (node:internal/modules/customization_hooks:417:10)
    at resolveForCJSWithHooks (node:internal/modules/cjs/loader:1217:25)
    at Module._load (node:internal/modules/cjs/loader:1346:5)
    at wrapModuleLoad (node:internal/modules/cjs/loader:261:19)
    at Module.<anonymous> (node:internal/modules/cjs/loader:1679:12)
    at mod.require (file:///Users/soumanpaul/Desktop/Desk/interview/products/cybershield-web/node_modules/next/dist/server/require-hook.js:68:28)
    at require (node:internal/modules/helpers:196:16)
    at __webpack_require__.f.require (file:///Users/soumanpaul/Desktop/Desk/interview/products/cybershield-web/.next/server/webpack-runtime.js:195:28)
    at <unknown> (file:///Users/soumanpaul/Desktop/Desk/interview/products/cybershield-web/.next/server/webpack-runtime.js:103:40)
    at Array.reduce (<anonymous>)
    at __webpack_require__.e (file:///Users/soumanpaul/Desktop/Desk/interview/products/cybershield-web/.next/server/webpack-runtime.js:102:67)
    at Array.map (<anonymous>)
    at __webpack_require__.X (file:///Users/soumanpaul/Desktop/Desk/interview/products/cybershield-web/.next/server/webpack-runtime.js:154:22)
    at <unknown> (file:///Users/soumanpaul/Desktop/Desk/interview/products/cybershield-web/.next/server/pages/_document.js:1:325)
    at Object.<anonymous> (file:///Users/soumanpaul/Desktop/Desk/interview/products/cybershield-web/.next/server/pages/_document.js:1:371)
    at Module._compile (node:internal/modules/cjs/loader:1934:14)
    at Object..js (node:internal/modules/cjs/loader:2074:10)
    at Module.load (node:internal/modules/cjs/loader:1656:32)
    at Module._load (node:internal/modules/cjs/loader:1448:12)
    at wrapModuleLoad (node:internal/modules/cjs/loader:261:19)
    at Module.<anonymous> (node:internal/modules/cjs/loader:1679:12)
    at mod.require (file:///Users/soumanpaul/Desktop/Desk/interview/products/cybershield-web/node_modules/next/dist/server/require-hook.js:68:28)
    at require (node:internal/modules/helpers:196:16)
    at requirePage (file:///Users/soumanpaul/Desktop/Desk/interview/products/cybershield-web/node_modules/next/dist/server/require.js:99:80)
    at loadComponentsImpl (file:///Users/soumanpaul/Desktop/Desk/interview/products/cybershield-web/node_modules/next/dist/server/load-components.js:86:38)
    at DevServer.findPageComponentsImpl (file:///Users/soumanpaul/Desktop/Desk/interview/products/cybershield-web/node_modules/next/dist/server/next-server.js:900:77)
    at <unknown> (file:///Users/soumanpaul/Desktop/Desk/interview/products/cybershield-web/node_modules/next/dist/server/next-server.js:878:21)
    at <unknown> (file:///Users/soumanpaul/Desktop/Desk/interview/products/cybershield-web/node_modules/next/dist/server/lib/trace/tracer.js:184:36)
    at NoopContextManager.with (file:///Users/soumanpaul/Desktop/Desk/interview/products/cybershield-web/node_modules/next/dist/compiled/@opentelemetry/api/index.js:1:7062)
    at ContextAPI.with (file:///Users/soumanpaul/Desktop/Desk/interview/products/cybershield-web/node_modules/next/dist/compiled/@opentelemetry/api/index.js:1:518)
    at NoopTracer.startActiveSpan (file:///Users/soumanpaul/Desktop/Desk/interview/products/cybershield-web/node_modules/next/dist/compiled/@opentelemetry/api/index.js:1:18093)
    at ProxyTracer.startActiveSpan (file:///Users/soumanpaul/Desktop/Desk/interview/products/cybershield-web/node_modules/next/dist/compiled/@opentelemetry/api/index.js:1:18854)
    at <unknown> (file:///Users/soumanpaul/Desktop/Desk/interview/products/cybershield-web/node_modules/next/dist/server/lib/trace/tracer.js:153:103)
    at NoopContextManager.with (file:///Users/soumanpaul/Desktop/Desk/interview/products/cybershield-web/node_modules/next/dist/compiled/@opentelemetry/api/index.js:1:7062)
    at ContextAPI.with (file:///Users/soumanpaul/Desktop/Desk/interview/products/cybershield-web/node_modules/next/dist/compiled/@opentelemetry/api/index.js:1:518)
    at NextTracerImpl.trace (file:///Users/soumanpaul/Desktop/Desk/interview/products/cybershield-web/node_modules/next/dist/server/lib/trace/tracer.js:153:28)
    at DevServer.findPageComponents (file:///Users/soumanpaul/Desktop/Desk/interview/products/cybershield-web/node_modules/next/dist/server/next-server.js:873:41)
    at DevServer.findPageComponents (file:///Users/soumanpaul/Desktop/Desk/interview/products/cybershield-web/node_modules/next/dist/server/dev/next-dev-server.js:706:28)
    at async DevServer.renderErrorToResponseImpl (file:///Users/soumanpaul/Desktop/Desk/interview/products/cybershield-web/node_modules/next/dist/server/base-server.js:1695:26)
    at async pipe.req.req (file:///Users/soumanpaul/Desktop/Desk/interview/products/cybershield-web/node_modules/next/dist/server/base-server.js:1618:30)
    at async DevServer.pipeImpl (file:///Users/soumanpaul/Desktop/Desk/interview/products/cybershield-web/node_modules/next/dist/server/base-server.js:1026:25)
    at async NextNodeServer.handleCatchallRenderRequest (file:///Users/soumanpaul/Desktop/Desk/interview/products/cybershield-web/node_modules/next/dist/server/next-server.js:409:21)
[   46207ms] [LOG] [HMR] connected @ webpack-internal:///(pages-dir-browser)/./node_modules/next/dist/client/dev/hot-reloader/pages/websocket.js:45
[   46208ms] [LOG] [Fast Refresh] rebuilding @ webpack-internal:///(pages-dir-browser)/./node_modules/next/dist/client/dev/hot-reloader/pages/hot-reloader-pages.js:206
[   46337ms] [LOG] [Fast Refresh] rebuilding @ webpack-internal:///(pages-dir-browser)/./node_modules/next/dist/client/dev/hot-reloader/pages/hot-reloader-pages.js:206
[   46341ms] [ERROR] Failed to load resource: the server responded with a status of 404 (Not Found) @ http://localhost:3000/_next/static/webpack/cf54367995c4a352.webpack.hot-update.json:0
[   46341ms] [WARNING] [Fast Refresh] performing full reload because your application had an unrecoverable error @ webpack-internal:///(pages-dir-browser)/./node_modules/next/dist/client/dev/hot-reloader/pages/hot-reloader-pages.js:347
[   46461ms] [LOG] [Fast Refresh] rebuilding @ webpack-internal:///(pages-dir-browser)/./node_modules/next/dist/client/dev/hot-reloader/pages/hot-reloader-pages.js:206
[   46469ms] [ERROR] Failed to load resource: the server responded with a status of 404 (Not Found) @ http://localhost:3000/_next/static/webpack/cf54367995c4a352.webpack.hot-update.json:0
[   46469ms] [WARNING] [Fast Refresh] performing full reload because your application had an unrecoverable error @ webpack-internal:///(pages-dir-browser)/./node_modules/next/dist/client/dev/hot-reloader/pages/hot-reloader-pages.js:347
[   46670ms] [ERROR] Failed to load resource: the server responded with a status of 500 (Internal Server Error) @ http://localhost:3000/captured-data:0
[   46921ms] [INFO] %cDownload the React DevTools for a better development experience: https://react.dev/link/react-devtools font-weight:bold @ webpack-internal:///(pages-dir-browser)/./node_modules/react-dom/cjs/react-dom-client.development.js:28004
[   46929ms] Error: Cannot find module './611.js'
Require stack:
- /Users/soumanpaul/Desktop/Desk/interview/products/cybershield-web/.next/server/webpack-runtime.js
- /Users/soumanpaul/Desktop/Desk/interview/products/cybershield-web/.next/server/pages/_document.js
- /Users/soumanpaul/Desktop/Desk/interview/products/cybershield-web/node_modules/next/dist/server/require.js
- /Users/soumanpaul/Desktop/Desk/interview/products/cybershield-web/node_modules/next/dist/server/load-components.js
- /Users/soumanpaul/Desktop/Desk/interview/products/cybershield-web/node_modules/next/dist/build/utils.js
- /Users/soumanpaul/Desktop/Desk/interview/products/cybershield-web/node_modules/next/dist/build/swc/options.js
- /Users/soumanpaul/Desktop/Desk/interview/products/cybershield-web/node_modules/next/dist/build/swc/index.js
- /Users/soumanpaul/Desktop/Desk/interview/products/cybershield-web/node_modules/next/dist/build/next-config-ts/transpile-config.js
- /Users/soumanpaul/Desktop/Desk/interview/products/cybershield-web/node_modules/next/dist/server/config.js
- /Users/soumanpaul/Desktop/Desk/interview/products/cybershield-web/node_modules/next/dist/server/next.js
- /Users/soumanpaul/Desktop/Desk/interview/products/cybershield-web/node_modules/next/dist/server/lib/start-server.js
    at Module.<anonymous> (node:internal/modules/cjs/loader:1569:15)
    at <unknown> (file:///Users/soumanpaul/Desktop/Desk/interview/products/cybershield-web/node_modules/next/dist/server/require-hook.js:57:36)
    at wrapResolveFilename (node:internal/modules/cjs/loader:1123:27)
    at defaultResolveImplForCJSLoading (node:internal/modules/cjs/loader:1147:10)
    at defaultResolve (node:internal/modules/cjs/loader:1204:20)
    at nextStep (node:internal/modules/customization_hooks:189:26)
    at He (file:///Users/soumanpaul/Desktop/Desk/interview/products/cybershield-web/node_modules/@tailwindcss/node/dist/index.js:1:1283)
    at nextStep (node:internal/modules/customization_hooks:189:26)
    at resolveWithHooks (node:internal/modules/customization_hooks:417:10)
    at resolveForCJSWithHooks (node:internal/modules/cjs/loader:1217:25)
    at Module._load (node:internal/modules/cjs/loader:1346:5)
    at wrapModuleLoad (node:internal/modules/cjs/loader:261:19)
    at Module.<anonymous> (node:internal/modules/cjs/loader:1679:12)
    at mod.require (file:///Users/soumanpaul/Desktop/Desk/interview/products/cybershield-web/node_modules/next/dist/server/require-hook.js:68:28)
    at require (node:internal/modules/helpers:196:16)
    at __webpack_require__.f.require (file:///Users/soumanpaul/Desktop/Desk/interview/products/cybershield-web/.next/server/webpack-runtime.js:195:28)
    at <unknown> (file:///Users/soumanpaul/Desktop/Desk/interview/products/cybershield-web/.next/server/webpack-runtime.js:103:40)
    at Array.reduce (<anonymous>)
    at __webpack_require__.e (file:///Users/soumanpaul/Desktop/Desk/interview/products/cybershield-web/.next/server/webpack-runtime.js:102:67)
    at Array.map (<anonymous>)
    at __webpack_require__.X (file:///Users/soumanpaul/Desktop/Desk/interview/products/cybershield-web/.next/server/webpack-runtime.js:154:22)
    at <unknown> (file:///Users/soumanpaul/Desktop/Desk/interview/products/cybershield-web/.next/server/pages/_document.js:1:325)
    at Object.<anonymous> (file:///Users/soumanpaul/Desktop/Desk/interview/products/cybershield-web/.next/server/pages/_document.js:1:371)
    at Module._compile (node:internal/modules/cjs/loader:1934:14)
    at Object..js (node:internal/modules/cjs/loader:2074:10)
    at Module.load (node:internal/modules/cjs/loader:1656:32)
    at Module._load (node:internal/modules/cjs/loader:1448:12)
    at wrapModuleLoad (node:internal/modules/cjs/loader:261:19)
    at Module.<anonymous> (node:internal/modules/cjs/loader:1679:12)
    at mod.require (file:///Users/soumanpaul/Desktop/Desk/interview/products/cybershield-web/node_modules/next/dist/server/require-hook.js:68:28)
    at require (node:internal/modules/helpers:196:16)
    at requirePage (file:///Users/soumanpaul/Desktop/Desk/interview/products/cybershield-web/node_modules/next/dist/server/require.js:99:80)
    at loadComponentsImpl (file:///Users/soumanpaul/Desktop/Desk/interview/products/cybershield-web/node_modules/next/dist/server/load-components.js:86:38)
    at DevServer.findPageComponentsImpl (file:///Users/soumanpaul/Desktop/Desk/interview/products/cybershield-web/node_modules/next/dist/server/next-server.js:900:77)
    at <unknown> (file:///Users/soumanpaul/Desktop/Desk/interview/products/cybershield-web/node_modules/next/dist/server/next-server.js:878:21)
    at <unknown> (file:///Users/soumanpaul/Desktop/Desk/interview/products/cybershield-web/node_modules/next/dist/server/lib/trace/tracer.js:184:36)
    at NoopContextManager.with (file:///Users/soumanpaul/Desktop/Desk/interview/products/cybershield-web/node_modules/next/dist/compiled/@opentelemetry/api/index.js:1:7062)
    at ContextAPI.with (file:///Users/soumanpaul/Desktop/Desk/interview/products/cybershield-web/node_modules/next/dist/compiled/@opentelemetry/api/index.js:1:518)
    at NoopTracer.startActiveSpan (file:///Users/soumanpaul/Desktop/Desk/interview/products/cybershield-web/node_modules/next/dist/compiled/@opentelemetry/api/index.js:1:18093)
    at ProxyTracer.startActiveSpan (file:///Users/soumanpaul/Desktop/Desk/interview/products/cybershield-web/node_modules/next/dist/compiled/@opentelemetry/api/index.js:1:18854)
    at <unknown> (file:///Users/soumanpaul/Desktop/Desk/interview/products/cybershield-web/node_modules/next/dist/server/lib/trace/tracer.js:153:103)
    at NoopContextManager.with (file:///Users/soumanpaul/Desktop/Desk/interview/products/cybershield-web/node_modules/next/dist/compiled/@opentelemetry/api/index.js:1:7062)
    at ContextAPI.with (file:///Users/soumanpaul/Desktop/Desk/interview/products/cybershield-web/node_modules/next/dist/compiled/@opentelemetry/api/index.js:1:518)
    at NextTracerImpl.trace (file:///Users/soumanpaul/Desktop/Desk/interview/products/cybershield-web/node_modules/next/dist/server/lib/trace/tracer.js:153:28)
    at DevServer.findPageComponents (file:///Users/soumanpaul/Desktop/Desk/interview/products/cybershield-web/node_modules/next/dist/server/next-server.js:873:41)
    at DevServer.findPageComponents (file:///Users/soumanpaul/Desktop/Desk/interview/products/cybershield-web/node_modules/next/dist/server/dev/next-dev-server.js:706:28)
    at async DevServer.renderErrorToResponseImpl (file:///Users/soumanpaul/Desktop/Desk/interview/products/cybershield-web/node_modules/next/dist/server/base-server.js:1695:26)
    at async pipe.req.req (file:///Users/soumanpaul/Desktop/Desk/interview/products/cybershield-web/node_modules/next/dist/server/base-server.js:1618:30)
    at async DevServer.pipeImpl (file:///Users/soumanpaul/Desktop/Desk/interview/products/cybershield-web/node_modules/next/dist/server/base-server.js:1026:25)
    at async NextNodeServer.handleCatchallRenderRequest (file:///Users/soumanpaul/Desktop/Desk/interview/products/cybershield-web/node_modules/next/dist/server/next-server.js:409:21)
[   46934ms] [LOG] [HMR] connected @ webpack-internal:///(pages-dir-browser)/./node_modules/next/dist/client/dev/hot-reloader/pages/websocket.js:45
[   46938ms] [LOG] [Fast Refresh] rebuilding @ webpack-internal:///(pages-dir-browser)/./node_modules/next/dist/client/dev/hot-reloader/pages/hot-reloader-pages.js:206
[   47046ms] [LOG] [Fast Refresh] rebuilding @ webpack-internal:///(pages-dir-browser)/./node_modules/next/dist/client/dev/hot-reloader/pages/hot-reloader-pages.js:206
[   47053ms] [ERROR] Failed to load resource: the server responded with a status of 404 (Not Found) @ http://localhost:3000/_next/static/webpack/cf54367995c4a352.webpack.hot-update.json:0
[   47053ms] [WARNING] [Fast Refresh] performing full reload because your application had an unrecoverable error @ webpack-internal:///(pages-dir-browser)/./node_modules/next/dist/client/dev/hot-reloader/pages/hot-reloader-pages.js:347
[   47167ms] [LOG] [Fast Refresh] rebuilding @ webpack-internal:///(pages-dir-browser)/./node_modules/next/dist/client/dev/hot-reloader/pages/hot-reloader-pages.js:206
[   47174ms] [ERROR] Failed to load resource: the server responded with a status of 404 (Not Found) @ http://localhost:3000/_next/static/webpack/cf54367995c4a352.webpack.hot-update.json:0
[   47174ms] [WARNING] [Fast Refresh] performing full reload because your application had an unrecoverable error @ webpack-internal:///(pages-dir-browser)/./node_modules/next/dist/client/dev/hot-reloader/pages/hot-reloader-pages.js:347
[   47386ms] [ERROR] Failed to load resource: the server responded with a status of 500 (Internal Server Error) @ http://localhost:3000/captured-data:0
[   47642ms] [INFO] %cDownload the React DevTools for a better development experience: https://react.dev/link/react-devtools font-weight:bold @ webpack-internal:///(pages-dir-browser)/./node_modules/react-dom/cjs/react-dom-client.development.js:28004
[   47652ms] Error: Cannot find module './611.js'
Require stack:
- /Users/soumanpaul/Desktop/Desk/interview/products/cybershield-web/.next/server/webpack-runtime.js
- /Users/soumanpaul/Desktop/Desk/interview/products/cybershield-web/.next/server/pages/_document.js
- /Users/soumanpaul/Desktop/Desk/interview/products/cybershield-web/node_modules/next/dist/server/require.js
- /Users/soumanpaul/Desktop/Desk/interview/products/cybershield-web/node_modules/next/dist/server/load-components.js
- /Users/soumanpaul/Desktop/Desk/interview/products/cybershield-web/node_modules/next/dist/build/utils.js
- /Users/soumanpaul/Desktop/Desk/interview/products/cybershield-web/node_modules/next/dist/build/swc/options.js
- /Users/soumanpaul/Desktop/Desk/interview/products/cybershield-web/node_modules/next/dist/build/swc/index.js
- /Users/soumanpaul/Desktop/Desk/interview/products/cybershield-web/node_modules/next/dist/build/next-config-ts/transpile-config.js
- /Users/soumanpaul/Desktop/Desk/interview/products/cybershield-web/node_modules/next/dist/server/config.js
- /Users/soumanpaul/Desktop/Desk/interview/products/cybershield-web/node_modules/next/dist/server/next.js
- /Users/soumanpaul/Desktop/Desk/interview/products/cybershield-web/node_modules/next/dist/server/lib/start-server.js
    at Module.<anonymous> (node:internal/modules/cjs/loader:1569:15)
    at <unknown> (file:///Users/soumanpaul/Desktop/Desk/interview/products/cybershield-web/node_modules/next/dist/server/require-hook.js:57:36)
    at wrapResolveFilename (node:internal/modules/cjs/loader:1123:27)
    at defaultResolveImplForCJSLoading (node:internal/modules/cjs/loader:1147:10)
    at defaultResolve (node:internal/modules/cjs/loader:1204:20)
    at nextStep (node:internal/modules/customization_hooks:189:26)
    at He (file:///Users/soumanpaul/Desktop/Desk/interview/products/cybershield-web/node_modules/@tailwindcss/node/dist/index.js:1:1283)
    at nextStep (node:internal/modules/customization_hooks:189:26)
    at resolveWithHooks (node:internal/modules/customization_hooks:417:10)
    at resolveForCJSWithHooks (node:internal/modules/cjs/loader:1217:25)
    at Module._load (node:internal/modules/cjs/loader:1346:5)
    at wrapModuleLoad (node:internal/modules/cjs/loader:261:19)
    at Module.<anonymous> (node:internal/modules/cjs/loader:1679:12)
    at mod.require (file:///Users/soumanpaul/Desktop/Desk/interview/products/cybershield-web/node_modules/next/dist/server/require-hook.js:68:28)
    at require (node:internal/modules/helpers:196:16)
    at __webpack_require__.f.require (file:///Users/soumanpaul/Desktop/Desk/interview/products/cybershield-web/.next/server/webpack-runtime.js:195:28)
    at <unknown> (file:///Users/soumanpaul/Desktop/Desk/interview/products/cybershield-web/.next/server/webpack-runtime.js:103:40)
    at Array.reduce (<anonymous>)
    at __webpack_require__.e (file:///Users/soumanpaul/Desktop/Desk/interview/products/cybershield-web/.next/server/webpack-runtime.js:102:67)
    at Array.map (<anonymous>)
    at __webpack_require__.X (file:///Users/soumanpaul/Desktop/Desk/interview/products/cybershield-web/.next/server/webpack-runtime.js:154:22)
    at <unknown> (file:///Users/soumanpaul/Desktop/Desk/interview/products/cybershield-web/.next/server/pages/_document.js:1:325)
    at Object.<anonymous> (file:///Users/soumanpaul/Desktop/Desk/interview/products/cybershield-web/.next/server/pages/_document.js:1:371)
    at Module._compile (node:internal/modules/cjs/loader:1934:14)
    at Object..js (node:internal/modules/cjs/loader:2074:10)
    at Module.load (node:internal/modules/cjs/loader:1656:32)
    at Module._load (node:internal/modules/cjs/loader:1448:12)
    at wrapModuleLoad (node:internal/modules/cjs/loader:261:19)
    at Module.<anonymous> (node:internal/modules/cjs/loader:1679:12)
    at mod.require (file:///Users/soumanpaul/Desktop/Desk/interview/products/cybershield-web/node_modules/next/dist/server/require-hook.js:68:28)
    at require (node:internal/modules/helpers:196:16)
    at requirePage (file:///Users/soumanpaul/Desktop/Desk/interview/products/cybershield-web/node_modules/next/dist/server/require.js:99:80)
    at loadComponentsImpl (file:///Users/soumanpaul/Desktop/Desk/interview/products/cybershield-web/node_modules/next/dist/server/load-components.js:86:38)
    at DevServer.findPageComponentsImpl (file:///Users/soumanpaul/Desktop/Desk/interview/products/cybershield-web/node_modules/next/dist/server/next-server.js:900:77)
    at <unknown> (file:///Users/soumanpaul/Desktop/Desk/interview/products/cybershield-web/node_modules/next/dist/server/next-server.js:878:21)
    at <unknown> (file:///Users/soumanpaul/Desktop/Desk/interview/products/cybershield-web/node_modules/next/dist/server/lib/trace/tracer.js:184:36)
    at NoopContextManager.with (file:///Users/soumanpaul/Desktop/Desk/interview/products/cybershield-web/node_modules/next/dist/compiled/@opentelemetry/api/index.js:1:7062)
    at ContextAPI.with (file:///Users/soumanpaul/Desktop/Desk/interview/products/cybershield-web/node_modules/next/dist/compiled/@opentelemetry/api/index.js:1:518)
    at NoopTracer.startActiveSpan (file:///Users/soumanpaul/Desktop/Desk/interview/products/cybershield-web/node_modules/next/dist/compiled/@opentelemetry/api/index.js:1:18093)
    at ProxyTracer.startActiveSpan (file:///Users/soumanpaul/Desktop/Desk/interview/products/cybershield-web/node_modules/next/dist/compiled/@opentelemetry/api/index.js:1:18854)
    at <unknown> (file:///Users/soumanpaul/Desktop/Desk/interview/products/cybershield-web/node_modules/next/dist/server/lib/trace/tracer.js:153:103)
    at NoopContextManager.with (file:///Users/soumanpaul/Desktop/Desk/interview/products/cybershield-web/node_modules/next/dist/compiled/@opentelemetry/api/index.js:1:7062)
    at ContextAPI.with (file:///Users/soumanpaul/Desktop/Desk/interview/products/cybershield-web/node_modules/next/dist/compiled/@opentelemetry/api/index.js:1:518)
    at NextTracerImpl.trace (file:///Users/soumanpaul/Desktop/Desk/interview/products/cybershield-web/node_modules/next/dist/server/lib/trace/tracer.js:153:28)
    at DevServer.findPageComponents (file:///Users/soumanpaul/Desktop/Desk/interview/products/cybershield-web/node_modules/next/dist/server/next-server.js:873:41)
    at DevServer.findPageComponents (file:///Users/soumanpaul/Desktop/Desk/interview/products/cybershield-web/node_modules/next/dist/server/dev/next-dev-server.js:706:28)
    at async DevServer.renderErrorToResponseImpl (file:///Users/soumanpaul/Desktop/Desk/interview/products/cybershield-web/node_modules/next/dist/server/base-server.js:1695:26)
    at async pipe.req.req (file:///Users/soumanpaul/Desktop/Desk/interview/products/cybershield-web/node_modules/next/dist/server/base-server.js:1618:30)
    at async DevServer.pipeImpl (file:///Users/soumanpaul/Desktop/Desk/interview/products/cybershield-web/node_modules/next/dist/server/base-server.js:1026:25)
    at async NextNodeServer.handleCatchallRenderRequest (file:///Users/soumanpaul/Desktop/Desk/interview/products/cybershield-web/node_modules/next/dist/server/next-server.js:409:21)
[   47654ms] [LOG] [HMR] connected @ webpack-internal:///(pages-dir-browser)/./node_modules/next/dist/client/dev/hot-reloader/pages/websocket.js:45
[   47655ms] [LOG] [Fast Refresh] rebuilding @ webpack-internal:///(pages-dir-browser)/./node_modules/next/dist/client/dev/hot-reloader/pages/hot-reloader-pages.js:206
[   47802ms] [LOG] [Fast Refresh] rebuilding @ webpack-internal:///(pages-dir-browser)/./node_modules/next/dist/client/dev/hot-reloader/pages/hot-reloader-pages.js:206
[   47812ms] [ERROR] Failed to load resource: the server responded with a status of 404 (Not Found) @ http://localhost:3000/_next/static/webpack/cf54367995c4a352.webpack.hot-update.json:0
[   47812ms] [WARNING] [Fast Refresh] performing full reload because your application had an unrecoverable error @ webpack-internal:///(pages-dir-browser)/./node_modules/next/dist/client/dev/hot-reloader/pages/hot-reloader-pages.js:347
[   47920ms] [LOG] [Fast Refresh] rebuilding @ webpack-internal:///(pages-dir-browser)/./node_modules/next/dist/client/dev/hot-reloader/pages/hot-reloader-pages.js:206
[   47923ms] [ERROR] Failed to load resource: the server responded with a status of 404 (Not Found) @ http://localhost:3000/_next/static/webpack/cf54367995c4a352.webpack.hot-update.json:0
[   47923ms] [WARNING] [Fast Refresh] performing full reload because your application had an unrecoverable error @ webpack-internal:///(pages-dir-browser)/./node_modules/next/dist/client/dev/hot-reloader/pages/hot-reloader-pages.js:347
[   48041ms] [LOG] [Fast Refresh] rebuilding @ webpack-internal:///(pages-dir-browser)/./node_modules/next/dist/client/dev/hot-reloader/pages/hot-reloader-pages.js:206
[   48055ms] [ERROR] Failed to load resource: the server responded with a status of 404 (Not Found) @ http://localhost:3000/_next/static/webpack/cf54367995c4a352.webpack.hot-update.json:0
[   48055ms] [WARNING] [Fast Refresh] performing full reload because your application had an unrecoverable error @ webpack-internal:///(pages-dir-browser)/./node_modules/next/dist/client/dev/hot-reloader/pages/hot-reloader-pages.js:347
[   48511ms] [ERROR] Failed to load resource: the server responded with a status of 500 (Internal Server Error) @ http://localhost:3000/captured-data:0
[   48810ms] [INFO] %cDownload the React DevTools for a better development experience: https://react.dev/link/react-devtools font-weight:bold @ webpack-internal:///(pages-dir-browser)/./node_modules/react-dom/cjs/react-dom-client.development.js:28004
[   48820ms] Error: Cannot find module './611.js'
Require stack:
- /Users/soumanpaul/Desktop/Desk/interview/products/cybershield-web/.next/server/webpack-runtime.js
- /Users/soumanpaul/Desktop/Desk/interview/products/cybershield-web/.next/server/pages/_document.js
- /Users/soumanpaul/Desktop/Desk/interview/products/cybershield-web/node_modules/next/dist/server/require.js
- /Users/soumanpaul/Desktop/Desk/interview/products/cybershield-web/node_modules/next/dist/server/load-components.js
- /Users/soumanpaul/Desktop/Desk/interview/products/cybershield-web/node_modules/next/dist/build/utils.js
- /Users/soumanpaul/Desktop/Desk/interview/products/cybershield-web/node_modules/next/dist/build/swc/options.js
- /Users/soumanpaul/Desktop/Desk/interview/products/cybershield-web/node_modules/next/dist/build/swc/index.js
- /Users/soumanpaul/Desktop/Desk/interview/products/cybershield-web/node_modules/next/dist/build/next-config-ts/transpile-config.js
- /Users/soumanpaul/Desktop/Desk/interview/products/cybershield-web/node_modules/next/dist/server/config.js
- /Users/soumanpaul/Desktop/Desk/interview/products/cybershield-web/node_modules/next/dist/server/next.js
- /Users/soumanpaul/Desktop/Desk/interview/products/cybershield-web/node_modules/next/dist/server/lib/start-server.js
    at Module.<anonymous> (node:internal/modules/cjs/loader:1569:15)
    at <unknown> (file:///Users/soumanpaul/Desktop/Desk/interview/products/cybershield-web/node_modules/next/dist/server/require-hook.js:57:36)
    at wrapResolveFilename (node:internal/modules/cjs/loader:1123:27)
    at defaultResolveImplForCJSLoading (node:internal/modules/cjs/loader:1147:10)
    at defaultResolve (node:internal/modules/cjs/loader:1204:20)
    at nextStep (node:internal/modules/customization_hooks:189:26)
    at He (file:///Users/soumanpaul/Desktop/Desk/interview/products/cybershield-web/node_modules/@tailwindcss/node/dist/index.js:1:1283)
    at nextStep (node:internal/modules/customization_hooks:189:26)
    at resolveWithHooks (node:internal/modules/customization_hooks:417:10)
    at resolveForCJSWithHooks (node:internal/modules/cjs/loader:1217:25)
    at Module._load (node:internal/modules/cjs/loader:1346:5)
    at wrapModuleLoad (node:internal/modules/cjs/loader:261:19)
    at Module.<anonymous> (node:internal/modules/cjs/loader:1679:12)
    at mod.require (file:///Users/soumanpaul/Desktop/Desk/interview/products/cybershield-web/node_modules/next/dist/server/require-hook.js:68:28)
    at require (node:internal/modules/helpers:196:16)
    at __webpack_require__.f.require (file:///Users/soumanpaul/Desktop/Desk/interview/products/cybershield-web/.next/server/webpack-runtime.js:195:28)
    at <unknown> (file:///Users/soumanpaul/Desktop/Desk/interview/products/cybershield-web/.next/server/webpack-runtime.js:103:40)
    at Array.reduce (<anonymous>)
    at __webpack_require__.e (file:///Users/soumanpaul/Desktop/Desk/interview/products/cybershield-web/.next/server/webpack-runtime.js:102:67)
    at Array.map (<anonymous>)
    at __webpack_require__.X (file:///Users/soumanpaul/Desktop/Desk/interview/products/cybershield-web/.next/server/webpack-runtime.js:154:22)
    at <unknown> (file:///Users/soumanpaul/Desktop/Desk/interview/products/cybershield-web/.next/server/pages/_document.js:1:325)
    at Object.<anonymous> (file:///Users/soumanpaul/Desktop/Desk/interview/products/cybershield-web/.next/server/pages/_document.js:1:371)
    at Module._compile (node:internal/modules/cjs/loader:1934:14)
    at Object..js (node:internal/modules/cjs/loader:2074:10)
    at Module.load (node:internal/modules/cjs/loader:1656:32)
    at Module._load (node:internal/modules/cjs/loader:1448:12)
    at wrapModuleLoad (node:internal/modules/cjs/loader:261:19)
    at Module.<anonymous> (node:internal/modules/cjs/loader:1679:12)
    at mod.require (file:///Users/soumanpaul/Desktop/Desk/interview/products/cybershield-web/node_modules/next/dist/server/require-hook.js:68:28)
    at require (node:internal/modules/helpers:196:16)
    at requirePage (file:///Users/soumanpaul/Desktop/Desk/interview/products/cybershield-web/node_modules/next/dist/server/require.js:99:80)
    at loadComponentsImpl (file:///Users/soumanpaul/Desktop/Desk/interview/products/cybershield-web/node_modules/next/dist/server/load-components.js:86:38)
    at DevServer.findPageComponentsImpl (file:///Users/soumanpaul/Desktop/Desk/interview/products/cybershield-web/node_modules/next/dist/server/next-server.js:900:77)
    at <unknown> (file:///Users/soumanpaul/Desktop/Desk/interview/products/cybershield-web/node_modules/next/dist/server/next-server.js:878:21)
    at <unknown> (file:///Users/soumanpaul/Desktop/Desk/interview/products/cybershield-web/node_modules/next/dist/server/lib/trace/tracer.js:184:36)
    at NoopContextManager.with (file:///Users/soumanpaul/Desktop/Desk/interview/products/cybershield-web/node_modules/next/dist/compiled/@opentelemetry/api/index.js:1:7062)
    at ContextAPI.with (file:///Users/soumanpaul/Desktop/Desk/interview/products/cybershield-web/node_modules/next/dist/compiled/@opentelemetry/api/index.js:1:518)
    at NoopTracer.startActiveSpan (file:///Users/soumanpaul/Desktop/Desk/interview/products/cybershield-web/node_modules/next/dist/compiled/@opentelemetry/api/index.js:1:18093)
    at ProxyTracer.startActiveSpan (file:///Users/soumanpaul/Desktop/Desk/interview/products/cybershield-web/node_modules/next/dist/compiled/@opentelemetry/api/index.js:1:18854)
    at <unknown> (file:///Users/soumanpaul/Desktop/Desk/interview/products/cybershield-web/node_modules/next/dist/server/lib/trace/tracer.js:153:103)
    at NoopContextManager.with (file:///Users/soumanpaul/Desktop/Desk/interview/products/cybershield-web/node_modules/next/dist/compiled/@opentelemetry/api/index.js:1:7062)
    at ContextAPI.with (file:///Users/soumanpaul/Desktop/Desk/interview/products/cybershield-web/node_modules/next/dist/compiled/@opentelemetry/api/index.js:1:518)
    at NextTracerImpl.trace (file:///Users/soumanpaul/Desktop/Desk/interview/products/cybershield-web/node_modules/next/dist/server/lib/trace/tracer.js:153:28)
    at DevServer.findPageComponents (file:///Users/soumanpaul/Desktop/Desk/interview/products/cybershield-web/node_modules/next/dist/server/next-server.js:873:41)
    at DevServer.findPageComponents (file:///Users/soumanpaul/Desktop/Desk/interview/products/cybershield-web/node_modules/next/dist/server/dev/next-dev-server.js:706:28)
    at async DevServer.renderErrorToResponseImpl (file:///Users/soumanpaul/Desktop/Desk/interview/products/cybershield-web/node_modules/next/dist/server/base-server.js:1695:26)
    at async pipe.req.req (file:///Users/soumanpaul/Desktop/Desk/interview/products/cybershield-web/node_modules/next/dist/server/base-server.js:1618:30)
    at async DevServer.pipeImpl (file:///Users/soumanpaul/Desktop/Desk/interview/products/cybershield-web/node_modules/next/dist/server/base-server.js:1026:25)
    at async NextNodeServer.handleCatchallRenderRequest (file:///Users/soumanpaul/Desktop/Desk/interview/products/cybershield-web/node_modules/next/dist/server/next-server.js:409:21)
[   48821ms] [LOG] [HMR] connected @ webpack-internal:///(pages-dir-browser)/./node_modules/next/dist/client/dev/hot-reloader/pages/websocket.js:45
[   48822ms] [LOG] [Fast Refresh] rebuilding @ webpack-internal:///(pages-dir-browser)/./node_modules/next/dist/client/dev/hot-reloader/pages/hot-reloader-pages.js:206
[   48937ms] [LOG] [Fast Refresh] rebuilding @ webpack-internal:///(pages-dir-browser)/./node_modules/next/dist/client/dev/hot-reloader/pages/hot-reloader-pages.js:206
[   48941ms] [ERROR] Failed to load resource: the server responded with a status of 404 (Not Found) @ http://localhost:3000/_next/static/webpack/cf54367995c4a352.webpack.hot-update.json:0
[   48941ms] [WARNING] [Fast Refresh] performing full reload because your application had an unrecoverable error @ webpack-internal:///(pages-dir-browser)/./node_modules/next/dist/client/dev/hot-reloader/pages/hot-reloader-pages.js:347
[   49056ms] [LOG] [Fast Refresh] rebuilding @ webpack-internal:///(pages-dir-browser)/./node_modules/next/dist/client/dev/hot-reloader/pages/hot-reloader-pages.js:206
[   49064ms] [ERROR] Failed to load resource: the server responded with a status of 404 (Not Found) @ http://localhost:3000/_next/static/webpack/cf54367995c4a352.webpack.hot-update.json:0
[   49064ms] [WARNING] [Fast Refresh] performing full reload because your application had an unrecoverable error @ webpack-internal:///(pages-dir-browser)/./node_modules/next/dist/client/dev/hot-reloader/pages/hot-reloader-pages.js:347
[   49315ms] [ERROR] Failed to load resource: the server responded with a status of 500 (Internal Server Error) @ http://localhost:3000/captured-data:0
[   49593ms] [INFO] %cDownload the React DevTools for a better development experience: https://react.dev/link/react-devtools font-weight:bold @ webpack-internal:///(pages-dir-browser)/./node_modules/react-dom/cjs/react-dom-client.development.js:28004
[   49606ms] Error: Cannot find module './611.js'
Require stack:
- /Users/soumanpaul/Desktop/Desk/interview/products/cybershield-web/.next/server/webpack-runtime.js
- /Users/soumanpaul/Desktop/Desk/interview/products/cybershield-web/.next/server/pages/_document.js
- /Users/soumanpaul/Desktop/Desk/interview/products/cybershield-web/node_modules/next/dist/server/require.js
- /Users/soumanpaul/Desktop/Desk/interview/products/cybershield-web/node_modules/next/dist/server/load-components.js
- /Users/soumanpaul/Desktop/Desk/interview/products/cybershield-web/node_modules/next/dist/build/utils.js
- /Users/soumanpaul/Desktop/Desk/interview/products/cybershield-web/node_modules/next/dist/build/swc/options.js
- /Users/soumanpaul/Desktop/Desk/interview/products/cybershield-web/node_modules/next/dist/build/swc/index.js
- /Users/soumanpaul/Desktop/Desk/interview/products/cybershield-web/node_modules/next/dist/build/next-config-ts/transpile-config.js
- /Users/soumanpaul/Desktop/Desk/interview/products/cybershield-web/node_modules/next/dist/server/config.js
- /Users/soumanpaul/Desktop/Desk/interview/products/cybershield-web/node_modules/next/dist/server/next.js
- /Users/soumanpaul/Desktop/Desk/interview/products/cybershield-web/node_modules/next/dist/server/lib/start-server.js
    at Module.<anonymous> (node:internal/modules/cjs/loader:1569:15)
    at <unknown> (file:///Users/soumanpaul/Desktop/Desk/interview/products/cybershield-web/node_modules/next/dist/server/require-hook.js:57:36)
    at wrapResolveFilename (node:internal/modules/cjs/loader:1123:27)
    at defaultResolveImplForCJSLoading (node:internal/modules/cjs/loader:1147:10)
    at defaultResolve (node:internal/modules/cjs/loader:1204:20)
    at nextStep (node:internal/modules/customization_hooks:189:26)
    at He (file:///Users/soumanpaul/Desktop/Desk/interview/products/cybershield-web/node_modules/@tailwindcss/node/dist/index.js:1:1283)
    at nextStep (node:internal/modules/customization_hooks:189:26)
    at resolveWithHooks (node:internal/modules/customization_hooks:417:10)
    at resolveForCJSWithHooks (node:internal/modules/cjs/loader:1217:25)
    at Module._load (node:internal/modules/cjs/loader:1346:5)
    at wrapModuleLoad (node:internal/modules/cjs/loader:261:19)
    at Module.<anonymous> (node:internal/modules/cjs/loader:1679:12)
    at mod.require (file:///Users/soumanpaul/Desktop/Desk/interview/products/cybershield-web/node_modules/next/dist/server/require-hook.js:68:28)
    at require (node:internal/modules/helpers:196:16)
    at __webpack_require__.f.require (file:///Users/soumanpaul/Desktop/Desk/interview/products/cybershield-web/.next/server/webpack-runtime.js:195:28)
    at <unknown> (file:///Users/soumanpaul/Desktop/Desk/interview/products/cybershield-web/.next/server/webpack-runtime.js:103:40)
    at Array.reduce (<anonymous>)
    at __webpack_require__.e (file:///Users/soumanpaul/Desktop/Desk/interview/products/cybershield-web/.next/server/webpack-runtime.js:102:67)
    at Array.map (<anonymous>)
    at __webpack_require__.X (file:///Users/soumanpaul/Desktop/Desk/interview/products/cybershield-web/.next/server/webpack-runtime.js:154:22)
    at <unknown> (file:///Users/soumanpaul/Desktop/Desk/interview/products/cybershield-web/.next/server/pages/_document.js:1:325)
    at Object.<anonymous> (file:///Users/soumanpaul/Desktop/Desk/interview/products/cybershield-web/.next/server/pages/_document.js:1:371)
    at Module._compile (node:internal/modules/cjs/loader:1934:14)
    at Object..js (node:internal/modules/cjs/loader:2074:10)
    at Module.load (node:internal/modules/cjs/loader:1656:32)
    at Module._load (node:internal/modules/cjs/loader:1448:12)
    at wrapModuleLoad (node:internal/modules/cjs/loader:261:19)
    at Module.<anonymous> (node:internal/modules/cjs/loader:1679:12)
    at mod.require (file:///Users/soumanpaul/Desktop/Desk/interview/products/cybershield-web/node_modules/next/dist/server/require-hook.js:68:28)
    at require (node:internal/modules/helpers:196:16)
    at requirePage (file:///Users/soumanpaul/Desktop/Desk/interview/products/cybershield-web/node_modules/next/dist/server/require.js:99:80)
    at loadComponentsImpl (file:///Users/soumanpaul/Desktop/Desk/interview/products/cybershield-web/node_modules/next/dist/server/load-components.js:86:38)
    at DevServer.findPageComponentsImpl (file:///Users/soumanpaul/Desktop/Desk/interview/products/cybershield-web/node_modules/next/dist/server/next-server.js:900:77)
    at <unknown> (file:///Users/soumanpaul/Desktop/Desk/interview/products/cybershield-web/node_modules/next/dist/server/next-server.js:878:21)
    at <unknown> (file:///Users/soumanpaul/Desktop/Desk/interview/products/cybershield-web/node_modules/next/dist/server/lib/trace/tracer.js:184:36)
    at NoopContextManager.with (file:///Users/soumanpaul/Desktop/Desk/interview/products/cybershield-web/node_modules/next/dist/compiled/@opentelemetry/api/index.js:1:7062)
    at ContextAPI.with (file:///Users/soumanpaul/Desktop/Desk/interview/products/cybershield-web/node_modules/next/dist/compiled/@opentelemetry/api/index.js:1:518)
    at NoopTracer.startActiveSpan (file:///Users/soumanpaul/Desktop/Desk/interview/products/cybershield-web/node_modules/next/dist/compiled/@opentelemetry/api/index.js:1:18093)
    at ProxyTracer.startActiveSpan (file:///Users/soumanpaul/Desktop/Desk/interview/products/cybershield-web/node_modules/next/dist/compiled/@opentelemetry/api/index.js:1:18854)
    at <unknown> (file:///Users/soumanpaul/Desktop/Desk/interview/products/cybershield-web/node_modules/next/dist/server/lib/trace/tracer.js:153:103)
    at NoopContextManager.with (file:///Users/soumanpaul/Desktop/Desk/interview/products/cybershield-web/node_modules/next/dist/compiled/@opentelemetry/api/index.js:1:7062)
    at ContextAPI.with (file:///Users/soumanpaul/Desktop/Desk/interview/products/cybershield-web/node_modules/next/dist/compiled/@opentelemetry/api/index.js:1:518)
    at NextTracerImpl.trace (file:///Users/soumanpaul/Desktop/Desk/interview/products/cybershield-web/node_modules/next/dist/server/lib/trace/tracer.js:153:28)
    at DevServer.findPageComponents (file:///Users/soumanpaul/Desktop/Desk/interview/products/cybershield-web/node_modules/next/dist/server/next-server.js:873:41)
    at DevServer.findPageComponents (file:///Users/soumanpaul/Desktop/Desk/interview/products/cybershield-web/node_modules/next/dist/server/dev/next-dev-server.js:706:28)
    at async DevServer.renderErrorToResponseImpl (file:///Users/soumanpaul/Desktop/Desk/interview/products/cybershield-web/node_modules/next/dist/server/base-server.js:1695:26)
    at async pipe.req.req (file:///Users/soumanpaul/Desktop/Desk/interview/products/cybershield-web/node_modules/next/dist/server/base-server.js:1618:30)
    at async DevServer.pipeImpl (file:///Users/soumanpaul/Desktop/Desk/interview/products/cybershield-web/node_modules/next/dist/server/base-server.js:1026:25)
    at async NextNodeServer.handleCatchallRenderRequest (file:///Users/soumanpaul/Desktop/Desk/interview/products/cybershield-web/node_modules/next/dist/server/next-server.js:409:21)
[   49609ms] [LOG] [HMR] connected @ webpack-internal:///(pages-dir-browser)/./node_modules/next/dist/client/dev/hot-reloader/pages/websocket.js:45
[   49610ms] [LOG] [Fast Refresh] rebuilding @ webpack-internal:///(pages-dir-browser)/./node_modules/next/dist/client/dev/hot-reloader/pages/hot-reloader-pages.js:206
[   49763ms] [LOG] [Fast Refresh] rebuilding @ webpack-internal:///(pages-dir-browser)/./node_modules/next/dist/client/dev/hot-reloader/pages/hot-reloader-pages.js:206
[   49770ms] [ERROR] Failed to load resource: the server responded with a status of 404 (Not Found) @ http://localhost:3000/_next/static/webpack/cf54367995c4a352.webpack.hot-update.json:0
[   49770ms] [WARNING] [Fast Refresh] performing full reload because your application had an unrecoverable error @ webpack-internal:///(pages-dir-browser)/./node_modules/next/dist/client/dev/hot-reloader/pages/hot-reloader-pages.js:347
[   49875ms] [LOG] [Fast Refresh] rebuilding @ webpack-internal:///(pages-dir-browser)/./node_modules/next/dist/client/dev/hot-reloader/pages/hot-reloader-pages.js:206
[   49891ms] [ERROR] Failed to load resource: the server responded with a status of 404 (Not Found) @ http://localhost:3000/_next/static/webpack/cf54367995c4a352.webpack.hot-update.json:0
[   49891ms] [WARNING] [Fast Refresh] performing full reload because your application had an unrecoverable error @ webpack-internal:///(pages-dir-browser)/./node_modules/next/dist/client/dev/hot-reloader/pages/hot-reloader-pages.js:347
[   50108ms] [ERROR] Failed to load resource: the server responded with a status of 500 (Internal Server Error) @ http://localhost:3000/captured-data:0
[   50412ms] [INFO] %cDownload the React DevTools for a better development experience: https://react.dev/link/react-devtools font-weight:bold @ webpack-internal:///(pages-dir-browser)/./node_modules/react-dom/cjs/react-dom-client.development.js:28004
[   50421ms] Error: Cannot find module './611.js'
Require stack:
- /Users/soumanpaul/Desktop/Desk/interview/products/cybershield-web/.next/server/webpack-runtime.js
- /Users/soumanpaul/Desktop/Desk/interview/products/cybershield-web/.next/server/pages/_document.js
- /Users/soumanpaul/Desktop/Desk/interview/products/cybershield-web/node_modules/next/dist/server/require.js
- /Users/soumanpaul/Desktop/Desk/interview/products/cybershield-web/node_modules/next/dist/server/load-components.js
- /Users/soumanpaul/Desktop/Desk/interview/products/cybershield-web/node_modules/next/dist/build/utils.js
- /Users/soumanpaul/Desktop/Desk/interview/products/cybershield-web/node_modules/next/dist/build/swc/options.js
- /Users/soumanpaul/Desktop/Desk/interview/products/cybershield-web/node_modules/next/dist/build/swc/index.js
- /Users/soumanpaul/Desktop/Desk/interview/products/cybershield-web/node_modules/next/dist/build/next-config-ts/transpile-config.js
- /Users/soumanpaul/Desktop/Desk/interview/products/cybershield-web/node_modules/next/dist/server/config.js
- /Users/soumanpaul/Desktop/Desk/interview/products/cybershield-web/node_modules/next/dist/server/next.js
- /Users/soumanpaul/Desktop/Desk/interview/products/cybershield-web/node_modules/next/dist/server/lib/start-server.js
    at Module.<anonymous> (node:internal/modules/cjs/loader:1569:15)
    at <unknown> (file:///Users/soumanpaul/Desktop/Desk/interview/products/cybershield-web/node_modules/next/dist/server/require-hook.js:57:36)
    at wrapResolveFilename (node:internal/modules/cjs/loader:1123:27)
    at defaultResolveImplForCJSLoading (node:internal/modules/cjs/loader:1147:10)
    at defaultResolve (node:internal/modules/cjs/loader:1204:20)
    at nextStep (node:internal/modules/customization_hooks:189:26)
    at He (file:///Users/soumanpaul/Desktop/Desk/interview/products/cybershield-web/node_modules/@tailwindcss/node/dist/index.js:1:1283)
    at nextStep (node:internal/modules/customization_hooks:189:26)
    at resolveWithHooks (node:internal/modules/customization_hooks:417:10)
    at resolveForCJSWithHooks (node:internal/modules/cjs/loader:1217:25)
    at Module._load (node:internal/modules/cjs/loader:1346:5)
    at wrapModuleLoad (node:internal/modules/cjs/loader:261:19)
    at Module.<anonymous> (node:internal/modules/cjs/loader:1679:12)
    at mod.require (file:///Users/soumanpaul/Desktop/Desk/interview/products/cybershield-web/node_modules/next/dist/server/require-hook.js:68:28)
    at require (node:internal/modules/helpers:196:16)
    at __webpack_require__.f.require (file:///Users/soumanpaul/Desktop/Desk/interview/products/cybershield-web/.next/server/webpack-runtime.js:195:28)
    at <unknown> (file:///Users/soumanpaul/Desktop/Desk/interview/products/cybershield-web/.next/server/webpack-runtime.js:103:40)
    at Array.reduce (<anonymous>)
    at __webpack_require__.e (file:///Users/soumanpaul/Desktop/Desk/interview/products/cybershield-web/.next/server/webpack-runtime.js:102:67)
    at Array.map (<anonymous>)
    at __webpack_require__.X (file:///Users/soumanpaul/Desktop/Desk/interview/products/cybershield-web/.next/server/webpack-runtime.js:154:22)
    at <unknown> (file:///Users/soumanpaul/Desktop/Desk/interview/products/cybershield-web/.next/server/pages/_document.js:1:325)
    at Object.<anonymous> (file:///Users/soumanpaul/Desktop/Desk/interview/products/cybershield-web/.next/server/pages/_document.js:1:371)
    at Module._compile (node:internal/modules/cjs/loader:1934:14)
    at Object..js (node:internal/modules/cjs/loader:2074:10)
    at Module.load (node:internal/modules/cjs/loader:1656:32)
    at Module._load (node:internal/modules/cjs/loader:1448:12)
    at wrapModuleLoad (node:internal/modules/cjs/loader:261:19)
    at Module.<anonymous> (node:internal/modules/cjs/loader:1679:12)
    at mod.require (file:///Users/soumanpaul/Desktop/Desk/interview/products/cybershield-web/node_modules/next/dist/server/require-hook.js:68:28)
    at require (node:internal/modules/helpers:196:16)
    at requirePage (file:///Users/soumanpaul/Desktop/Desk/interview/products/cybershield-web/node_modules/next/dist/server/require.js:99:80)
    at loadComponentsImpl (file:///Users/soumanpaul/Desktop/Desk/interview/products/cybershield-web/node_modules/next/dist/server/load-components.js:86:38)
    at DevServer.findPageComponentsImpl (file:///Users/soumanpaul/Desktop/Desk/interview/products/cybershield-web/node_modules/next/dist/server/next-server.js:900:77)
    at <unknown> (file:///Users/soumanpaul/Desktop/Desk/interview/products/cybershield-web/node_modules/next/dist/server/next-server.js:878:21)
    at <unknown> (file:///Users/soumanpaul/Desktop/Desk/interview/products/cybershield-web/node_modules/next/dist/server/lib/trace/tracer.js:184:36)
    at NoopContextManager.with (file:///Users/soumanpaul/Desktop/Desk/interview/products/cybershield-web/node_modules/next/dist/compiled/@opentelemetry/api/index.js:1:7062)
    at ContextAPI.with (file:///Users/soumanpaul/Desktop/Desk/interview/products/cybershield-web/node_modules/next/dist/compiled/@opentelemetry/api/index.js:1:518)
    at NoopTracer.startActiveSpan (file:///Users/soumanpaul/Desktop/Desk/interview/products/cybershield-web/node_modules/next/dist/compiled/@opentelemetry/api/index.js:1:18093)
    at ProxyTracer.startActiveSpan (file:///Users/soumanpaul/Desktop/Desk/interview/products/cybershield-web/node_modules/next/dist/compiled/@opentelemetry/api/index.js:1:18854)
    at <unknown> (file:///Users/soumanpaul/Desktop/Desk/interview/products/cybershield-web/node_modules/next/dist/server/lib/trace/tracer.js:153:103)
    at NoopContextManager.with (file:///Users/soumanpaul/Desktop/Desk/interview/products/cybershield-web/node_modules/next/dist/compiled/@opentelemetry/api/index.js:1:7062)
    at ContextAPI.with (file:///Users/soumanpaul/Desktop/Desk/interview/products/cybershield-web/node_modules/next/dist/compiled/@opentelemetry/api/index.js:1:518)
    at NextTracerImpl.trace (file:///Users/soumanpaul/Desktop/Desk/interview/products/cybershield-web/node_modules/next/dist/server/lib/trace/tracer.js:153:28)
    at DevServer.findPageComponents (file:///Users/soumanpaul/Desktop/Desk/interview/products/cybershield-web/node_modules/next/dist/server/next-server.js:873:41)
    at DevServer.findPageComponents (file:///Users/soumanpaul/Desktop/Desk/interview/products/cybershield-web/node_modules/next/dist/server/dev/next-dev-server.js:706:28)
    at async DevServer.renderErrorToResponseImpl (file:///Users/soumanpaul/Desktop/Desk/interview/products/cybershield-web/node_modules/next/dist/server/base-server.js:1695:26)
    at async pipe.req.req (file:///Users/soumanpaul/Desktop/Desk/interview/products/cybershield-web/node_modules/next/dist/server/base-server.js:1618:30)
    at async DevServer.pipeImpl (file:///Users/soumanpaul/Desktop/Desk/interview/products/cybershield-web/node_modules/next/dist/server/base-server.js:1026:25)
    at async NextNodeServer.handleCatchallRenderRequest (file:///Users/soumanpaul/Desktop/Desk/interview/products/cybershield-web/node_modules/next/dist/server/next-server.js:409:21)
[   50424ms] [LOG] [HMR] connected @ webpack-internal:///(pages-dir-browser)/./node_modules/next/dist/client/dev/hot-reloader/pages/websocket.js:45
[   50428ms] [LOG] [Fast Refresh] rebuilding @ webpack-internal:///(pages-dir-browser)/./node_modules/next/dist/client/dev/hot-reloader/pages/hot-reloader-pages.js:206
[   50608ms] [LOG] [Fast Refresh] rebuilding @ webpack-internal:///(pages-dir-browser)/./node_modules/next/dist/client/dev/hot-reloader/pages/hot-reloader-pages.js:206
[   50613ms] [ERROR] Failed to load resource: the server responded with a status of 404 (Not Found) @ http://localhost:3000/_next/static/webpack/cf54367995c4a352.webpack.hot-update.json:0
[   50613ms] [WARNING] [Fast Refresh] performing full reload because your application had an unrecoverable error @ webpack-internal:///(pages-dir-browser)/./node_modules/next/dist/client/dev/hot-reloader/pages/hot-reloader-pages.js:347
[   50730ms] [LOG] [Fast Refresh] rebuilding @ webpack-internal:///(pages-dir-browser)/./node_modules/next/dist/client/dev/hot-reloader/pages/hot-reloader-pages.js:206
[   50744ms] [ERROR] Failed to load resource: the server responded with a status of 404 (Not Found) @ http://localhost:3000/_next/static/webpack/cf54367995c4a352.webpack.hot-update.json:0
[   50744ms] [WARNING] [Fast Refresh] performing full reload because your application had an unrecoverable error @ webpack-internal:///(pages-dir-browser)/./node_modules/next/dist/client/dev/hot-reloader/pages/hot-reloader-pages.js:347
[   50966ms] [ERROR] Failed to load resource: the server responded with a status of 500 (Internal Server Error) @ http://localhost:3000/captured-data:0
[   51213ms] [INFO] %cDownload the React DevTools for a better development experience: https://react.dev/link/react-devtools font-weight:bold @ webpack-internal:///(pages-dir-browser)/./node_modules/react-dom/cjs/react-dom-client.development.js:28004
[   51222ms] Error: Cannot find module './611.js'
Require stack:
- /Users/soumanpaul/Desktop/Desk/interview/products/cybershield-web/.next/server/webpack-runtime.js
- /Users/soumanpaul/Desktop/Desk/interview/products/cybershield-web/.next/server/pages/_document.js
- /Users/soumanpaul/Desktop/Desk/interview/products/cybershield-web/node_modules/next/dist/server/require.js
- /Users/soumanpaul/Desktop/Desk/interview/products/cybershield-web/node_modules/next/dist/server/load-components.js
- /Users/soumanpaul/Desktop/Desk/interview/products/cybershield-web/node_modules/next/dist/build/utils.js
- /Users/soumanpaul/Desktop/Desk/interview/products/cybershield-web/node_modules/next/dist/build/swc/options.js
- /Users/soumanpaul/Desktop/Desk/interview/products/cybershield-web/node_modules/next/dist/build/swc/index.js
- /Users/soumanpaul/Desktop/Desk/interview/products/cybershield-web/node_modules/next/dist/build/next-config-ts/transpile-config.js
- /Users/soumanpaul/Desktop/Desk/interview/products/cybershield-web/node_modules/next/dist/server/config.js
- /Users/soumanpaul/Desktop/Desk/interview/products/cybershield-web/node_modules/next/dist/server/next.js
- /Users/soumanpaul/Desktop/Desk/interview/products/cybershield-web/node_modules/next/dist/server/lib/start-server.js
    at Module.<anonymous> (node:internal/modules/cjs/loader:1569:15)
    at <unknown> (file:///Users/soumanpaul/Desktop/Desk/interview/products/cybershield-web/node_modules/next/dist/server/require-hook.js:57:36)
    at wrapResolveFilename (node:internal/modules/cjs/loader:1123:27)
    at defaultResolveImplForCJSLoading (node:internal/modules/cjs/loader:1147:10)
    at defaultResolve (node:internal/modules/cjs/loader:1204:20)
    at nextStep (node:internal/modules/customization_hooks:189:26)
    at He (file:///Users/soumanpaul/Desktop/Desk/interview/products/cybershield-web/node_modules/@tailwindcss/node/dist/index.js:1:1283)
    at nextStep (node:internal/modules/customization_hooks:189:26)
    at resolveWithHooks (node:internal/modules/customization_hooks:417:10)
    at resolveForCJSWithHooks (node:internal/modules/cjs/loader:1217:25)
    at Module._load (node:internal/modules/cjs/loader:1346:5)
    at wrapModuleLoad (node:internal/modules/cjs/loader:261:19)
    at Module.<anonymous> (node:internal/modules/cjs/loader:1679:12)
    at mod.require (file:///Users/soumanpaul/Desktop/Desk/interview/products/cybershield-web/node_modules/next/dist/server/require-hook.js:68:28)
    at require (node:internal/modules/helpers:196:16)
    at __webpack_require__.f.require (file:///Users/soumanpaul/Desktop/Desk/interview/products/cybershield-web/.next/server/webpack-runtime.js:195:28)
    at <unknown> (file:///Users/soumanpaul/Desktop/Desk/interview/products/cybershield-web/.next/server/webpack-runtime.js:103:40)
    at Array.reduce (<anonymous>)
    at __webpack_require__.e (file:///Users/soumanpaul/Desktop/Desk/interview/products/cybershield-web/.next/server/webpack-runtime.js:102:67)
    at Array.map (<anonymous>)
    at __webpack_require__.X (file:///Users/soumanpaul/Desktop/Desk/interview/products/cybershield-web/.next/server/webpack-runtime.js:154:22)
    at <unknown> (file:///Users/soumanpaul/Desktop/Desk/interview/products/cybershield-web/.next/server/pages/_document.js:1:325)
    at Object.<anonymous> (file:///Users/soumanpaul/Desktop/Desk/interview/products/cybershield-web/.next/server/pages/_document.js:1:371)
    at Module._compile (node:internal/modules/cjs/loader:1934:14)
    at Object..js (node:internal/modules/cjs/loader:2074:10)
    at Module.load (node:internal/modules/cjs/loader:1656:32)
    at Module._load (node:internal/modules/cjs/loader:1448:12)
    at wrapModuleLoad (node:internal/modules/cjs/loader:261:19)
    at Module.<anonymous> (node:internal/modules/cjs/loader:1679:12)
    at mod.require (file:///Users/soumanpaul/Desktop/Desk/interview/products/cybershield-web/node_modules/next/dist/server/require-hook.js:68:28)
    at require (node:internal/modules/helpers:196:16)
    at requirePage (file:///Users/soumanpaul/Desktop/Desk/interview/products/cybershield-web/node_modules/next/dist/server/require.js:99:80)
    at loadComponentsImpl (file:///Users/soumanpaul/Desktop/Desk/interview/products/cybershield-web/node_modules/next/dist/server/load-components.js:86:38)
    at DevServer.findPageComponentsImpl (file:///Users/soumanpaul/Desktop/Desk/interview/products/cybershield-web/node_modules/next/dist/server/next-server.js:900:77)
    at <unknown> (file:///Users/soumanpaul/Desktop/Desk/interview/products/cybershield-web/node_modules/next/dist/server/next-server.js:878:21)
    at <unknown> (file:///Users/soumanpaul/Desktop/Desk/interview/products/cybershield-web/node_modules/next/dist/server/lib/trace/tracer.js:184:36)
    at NoopContextManager.with (file:///Users/soumanpaul/Desktop/Desk/interview/products/cybershield-web/node_modules/next/dist/compiled/@opentelemetry/api/index.js:1:7062)
    at ContextAPI.with (file:///Users/soumanpaul/Desktop/Desk/interview/products/cybershield-web/node_modules/next/dist/compiled/@opentelemetry/api/index.js:1:518)
    at NoopTracer.startActiveSpan (file:///Users/soumanpaul/Desktop/Desk/interview/products/cybershield-web/node_modules/next/dist/compiled/@opentelemetry/api/index.js:1:18093)
    at ProxyTracer.startActiveSpan (file:///Users/soumanpaul/Desktop/Desk/interview/products/cybershield-web/node_modules/next/dist/compiled/@opentelemetry/api/index.js:1:18854)
    at <unknown> (file:///Users/soumanpaul/Desktop/Desk/interview/products/cybershield-web/node_modules/next/dist/server/lib/trace/tracer.js:153:103)
    at NoopContextManager.with (file:///Users/soumanpaul/Desktop/Desk/interview/products/cybershield-web/node_modules/next/dist/compiled/@opentelemetry/api/index.js:1:7062)
    at ContextAPI.with (file:///Users/soumanpaul/Desktop/Desk/interview/products/cybershield-web/node_modules/next/dist/compiled/@opentelemetry/api/index.js:1:518)
    at NextTracerImpl.trace (file:///Users/soumanpaul/Desktop/Desk/interview/products/cybershield-web/node_modules/next/dist/server/lib/trace/tracer.js:153:28)
    at DevServer.findPageComponents (file:///Users/soumanpaul/Desktop/Desk/interview/products/cybershield-web/node_modules/next/dist/server/next-server.js:873:41)
    at DevServer.findPageComponents (file:///Users/soumanpaul/Desktop/Desk/interview/products/cybershield-web/node_modules/next/dist/server/dev/next-dev-server.js:706:28)
    at async DevServer.renderErrorToResponseImpl (file:///Users/soumanpaul/Desktop/Desk/interview/products/cybershield-web/node_modules/next/dist/server/base-server.js:1695:26)
    at async pipe.req.req (file:///Users/soumanpaul/Desktop/Desk/interview/products/cybershield-web/node_modules/next/dist/server/base-server.js:1618:30)
    at async DevServer.pipeImpl (file:///Users/soumanpaul/Desktop/Desk/interview/products/cybershield-web/node_modules/next/dist/server/base-server.js:1026:25)
    at async NextNodeServer.handleCatchallRenderRequest (file:///Users/soumanpaul/Desktop/Desk/interview/products/cybershield-web/node_modules/next/dist/server/next-server.js:409:21)
[   51224ms] [LOG] [HMR] connected @ webpack-internal:///(pages-dir-browser)/./node_modules/next/dist/client/dev/hot-reloader/pages/websocket.js:45
[   51268ms] [LOG] [Fast Refresh] rebuilding @ webpack-internal:///(pages-dir-browser)/./node_modules/next/dist/client/dev/hot-reloader/pages/hot-reloader-pages.js:206
[   51370ms] [LOG] [Fast Refresh] rebuilding @ webpack-internal:///(pages-dir-browser)/./node_modules/next/dist/client/dev/hot-reloader/pages/hot-reloader-pages.js:206
[   51375ms] [ERROR] Failed to load resource: the server responded with a status of 404 (Not Found) @ http://localhost:3000/_next/static/webpack/cf54367995c4a352.webpack.hot-update.json:0
[   51375ms] [WARNING] [Fast Refresh] performing full reload because your application had an unrecoverable error @ webpack-internal:///(pages-dir-browser)/./node_modules/next/dist/client/dev/hot-reloader/pages/hot-reloader-pages.js:347
[   51495ms] [LOG] [Fast Refresh] rebuilding @ webpack-internal:///(pages-dir-browser)/./node_modules/next/dist/client/dev/hot-reloader/pages/hot-reloader-pages.js:206
[   51505ms] [ERROR] Failed to load resource: the server responded with a status of 404 (Not Found) @ http://localhost:3000/_next/static/webpack/cf54367995c4a352.webpack.hot-update.json:0
[   51505ms] [WARNING] [Fast Refresh] performing full reload because your application had an unrecoverable error @ webpack-internal:///(pages-dir-browser)/./node_modules/next/dist/client/dev/hot-reloader/pages/hot-reloader-pages.js:347
[   51732ms] [ERROR] Failed to load resource: the server responded with a status of 500 (Internal Server Error) @ http://localhost:3000/captured-data:0
[   51979ms] [INFO] %cDownload the React DevTools for a better development experience: https://react.dev/link/react-devtools font-weight:bold @ webpack-internal:///(pages-dir-browser)/./node_modules/react-dom/cjs/react-dom-client.development.js:28004
[   51989ms] Error: Cannot find module './611.js'
Require stack:
- /Users/soumanpaul/Desktop/Desk/interview/products/cybershield-web/.next/server/webpack-runtime.js
- /Users/soumanpaul/Desktop/Desk/interview/products/cybershield-web/.next/server/pages/_document.js
- /Users/soumanpaul/Desktop/Desk/interview/products/cybershield-web/node_modules/next/dist/server/require.js
- /Users/soumanpaul/Desktop/Desk/interview/products/cybershield-web/node_modules/next/dist/server/load-components.js
- /Users/soumanpaul/Desktop/Desk/interview/products/cybershield-web/node_modules/next/dist/build/utils.js
- /Users/soumanpaul/Desktop/Desk/interview/products/cybershield-web/node_modules/next/dist/build/swc/options.js
- /Users/soumanpaul/Desktop/Desk/interview/products/cybershield-web/node_modules/next/dist/build/swc/index.js
- /Users/soumanpaul/Desktop/Desk/interview/products/cybershield-web/node_modules/next/dist/build/next-config-ts/transpile-config.js
- /Users/soumanpaul/Desktop/Desk/interview/products/cybershield-web/node_modules/next/dist/server/config.js
- /Users/soumanpaul/Desktop/Desk/interview/products/cybershield-web/node_modules/next/dist/server/next.js
- /Users/soumanpaul/Desktop/Desk/interview/products/cybershield-web/node_modules/next/dist/server/lib/start-server.js
    at Module.<anonymous> (node:internal/modules/cjs/loader:1569:15)
    at <unknown> (file:///Users/soumanpaul/Desktop/Desk/interview/products/cybershield-web/node_modules/next/dist/server/require-hook.js:57:36)
    at wrapResolveFilename (node:internal/modules/cjs/loader:1123:27)
    at defaultResolveImplForCJSLoading (node:internal/modules/cjs/loader:1147:10)
    at defaultResolve (node:internal/modules/cjs/loader:1204:20)
    at nextStep (node:internal/modules/customization_hooks:189:26)
    at He (file:///Users/soumanpaul/Desktop/Desk/interview/products/cybershield-web/node_modules/@tailwindcss/node/dist/index.js:1:1283)
    at nextStep (node:internal/modules/customization_hooks:189:26)
    at resolveWithHooks (node:internal/modules/customization_hooks:417:10)
    at resolveForCJSWithHooks (node:internal/modules/cjs/loader:1217:25)
    at Module._load (node:internal/modules/cjs/loader:1346:5)
    at wrapModuleLoad (node:internal/modules/cjs/loader:261:19)
    at Module.<anonymous> (node:internal/modules/cjs/loader:1679:12)
    at mod.require (file:///Users/soumanpaul/Desktop/Desk/interview/products/cybershield-web/node_modules/next/dist/server/require-hook.js:68:28)
    at require (node:internal/modules/helpers:196:16)
    at __webpack_require__.f.require (file:///Users/soumanpaul/Desktop/Desk/interview/products/cybershield-web/.next/server/webpack-runtime.js:195:28)
    at <unknown> (file:///Users/soumanpaul/Desktop/Desk/interview/products/cybershield-web/.next/server/webpack-runtime.js:103:40)
    at Array.reduce (<anonymous>)
    at __webpack_require__.e (file:///Users/soumanpaul/Desktop/Desk/interview/products/cybershield-web/.next/server/webpack-runtime.js:102:67)
    at Array.map (<anonymous>)
    at __webpack_require__.X (file:///Users/soumanpaul/Desktop/Desk/interview/products/cybershield-web/.next/server/webpack-runtime.js:154:22)
    at <unknown> (file:///Users/soumanpaul/Desktop/Desk/interview/products/cybershield-web/.next/server/pages/_document.js:1:325)
    at Object.<anonymous> (file:///Users/soumanpaul/Desktop/Desk/interview/products/cybershield-web/.next/server/pages/_document.js:1:371)
    at Module._compile (node:internal/modules/cjs/loader:1934:14)
    at Object..js (node:internal/modules/cjs/loader:2074:10)
    at Module.load (node:internal/modules/cjs/loader:1656:32)
    at Module._load (node:internal/modules/cjs/loader:1448:12)
    at wrapModuleLoad (node:internal/modules/cjs/loader:261:19)
    at Module.<anonymous> (node:internal/modules/cjs/loader:1679:12)
    at mod.require (file:///Users/soumanpaul/Desktop/Desk/interview/products/cybershield-web/node_modules/next/dist/server/require-hook.js:68:28)
    at require (node:internal/modules/helpers:196:16)
    at requirePage (file:///Users/soumanpaul/Desktop/Desk/interview/products/cybershield-web/node_modules/next/dist/server/require.js:99:80)
    at loadComponentsImpl (file:///Users/soumanpaul/Desktop/Desk/interview/products/cybershield-web/node_modules/next/dist/server/load-components.js:86:38)
    at DevServer.findPageComponentsImpl (file:///Users/soumanpaul/Desktop/Desk/interview/products/cybershield-web/node_modules/next/dist/server/next-server.js:900:77)
    at <unknown> (file:///Users/soumanpaul/Desktop/Desk/interview/products/cybershield-web/node_modules/next/dist/server/next-server.js:878:21)
    at <unknown> (file:///Users/soumanpaul/Desktop/Desk/interview/products/cybershield-web/node_modules/next/dist/server/lib/trace/tracer.js:184:36)
    at NoopContextManager.with (file:///Users/soumanpaul/Desktop/Desk/interview/products/cybershield-web/node_modules/next/dist/compiled/@opentelemetry/api/index.js:1:7062)
    at ContextAPI.with (file:///Users/soumanpaul/Desktop/Desk/interview/products/cybershield-web/node_modules/next/dist/compiled/@opentelemetry/api/index.js:1:518)
    at NoopTracer.startActiveSpan (file:///Users/soumanpaul/Desktop/Desk/interview/products/cybershield-web/node_modules/next/dist/compiled/@opentelemetry/api/index.js:1:18093)
    at ProxyTracer.startActiveSpan (file:///Users/soumanpaul/Desktop/Desk/interview/products/cybershield-web/node_modules/next/dist/compiled/@opentelemetry/api/index.js:1:18854)
    at <unknown> (file:///Users/soumanpaul/Desktop/Desk/interview/products/cybershield-web/node_modules/next/dist/server/lib/trace/tracer.js:153:103)
    at NoopContextManager.with (file:///Users/soumanpaul/Desktop/Desk/interview/products/cybershield-web/node_modules/next/dist/compiled/@opentelemetry/api/index.js:1:7062)
    at ContextAPI.with (file:///Users/soumanpaul/Desktop/Desk/interview/products/cybershield-web/node_modules/next/dist/compiled/@opentelemetry/api/index.js:1:518)
    at NextTracerImpl.trace (file:///Users/soumanpaul/Desktop/Desk/interview/products/cybershield-web/node_modules/next/dist/server/lib/trace/tracer.js:153:28)
    at DevServer.findPageComponents (file:///Users/soumanpaul/Desktop/Desk/interview/products/cybershield-web/node_modules/next/dist/server/next-server.js:873:41)
    at DevServer.findPageComponents (file:///Users/soumanpaul/Desktop/Desk/interview/products/cybershield-web/node_modules/next/dist/server/dev/next-dev-server.js:706:28)
    at async DevServer.renderErrorToResponseImpl (file:///Users/soumanpaul/Desktop/Desk/interview/products/cybershield-web/node_modules/next/dist/server/base-server.js:1695:26)
    at async pipe.req.req (file:///Users/soumanpaul/Desktop/Desk/interview/products/cybershield-web/node_modules/next/dist/server/base-server.js:1618:30)
    at async DevServer.pipeImpl (file:///Users/soumanpaul/Desktop/Desk/interview/products/cybershield-web/node_modules/next/dist/server/base-server.js:1026:25)
    at async NextNodeServer.handleCatchallRenderRequest (file:///Users/soumanpaul/Desktop/Desk/interview/products/cybershield-web/node_modules/next/dist/server/next-server.js:409:21)
[   51991ms] [LOG] [HMR] connected @ webpack-internal:///(pages-dir-browser)/./node_modules/next/dist/client/dev/hot-reloader/pages/websocket.js:45
[   51992ms] [LOG] [Fast Refresh] rebuilding @ webpack-internal:///(pages-dir-browser)/./node_modules/next/dist/client/dev/hot-reloader/pages/hot-reloader-pages.js:206
[   52134ms] [LOG] [Fast Refresh] rebuilding @ webpack-internal:///(pages-dir-browser)/./node_modules/next/dist/client/dev/hot-reloader/pages/hot-reloader-pages.js:206
[   52139ms] [ERROR] Failed to load resource: the server responded with a status of 404 (Not Found) @ http://localhost:3000/_next/static/webpack/cf54367995c4a352.webpack.hot-update.json:0
[   52140ms] [WARNING] [Fast Refresh] performing full reload because your application had an unrecoverable error @ webpack-internal:///(pages-dir-browser)/./node_modules/next/dist/client/dev/hot-reloader/pages/hot-reloader-pages.js:347
[   52253ms] [LOG] [Fast Refresh] rebuilding @ webpack-internal:///(pages-dir-browser)/./node_modules/next/dist/client/dev/hot-reloader/pages/hot-reloader-pages.js:206
[   52260ms] [ERROR] Failed to load resource: the server responded with a status of 404 (Not Found) @ http://localhost:3000/_next/static/webpack/cf54367995c4a352.webpack.hot-update.json:0
[   52260ms] [WARNING] [Fast Refresh] performing full reload because your application had an unrecoverable error @ webpack-internal:///(pages-dir-browser)/./node_modules/next/dist/client/dev/hot-reloader/pages/hot-reloader-pages.js:347
[   52521ms] [ERROR] Failed to load resource: the server responded with a status of 500 (Internal Server Error) @ http://localhost:3000/captured-data:0
[   52795ms] [INFO] %cDownload the React DevTools for a better development experience: https://react.dev/link/react-devtools font-weight:bold @ webpack-internal:///(pages-dir-browser)/./node_modules/react-dom/cjs/react-dom-client.development.js:28004
[   52804ms] Error: Cannot find module './611.js'
Require stack:
- /Users/soumanpaul/Desktop/Desk/interview/products/cybershield-web/.next/server/webpack-runtime.js
- /Users/soumanpaul/Desktop/Desk/interview/products/cybershield-web/.next/server/pages/_document.js
- /Users/soumanpaul/Desktop/Desk/interview/products/cybershield-web/node_modules/next/dist/server/require.js
- /Users/soumanpaul/Desktop/Desk/interview/products/cybershield-web/node_modules/next/dist/server/load-components.js
- /Users/soumanpaul/Desktop/Desk/interview/products/cybershield-web/node_modules/next/dist/build/utils.js
- /Users/soumanpaul/Desktop/Desk/interview/products/cybershield-web/node_modules/next/dist/build/swc/options.js
- /Users/soumanpaul/Desktop/Desk/interview/products/cybershield-web/node_modules/next/dist/build/swc/index.js
- /Users/soumanpaul/Desktop/Desk/interview/products/cybershield-web/node_modules/next/dist/build/next-config-ts/transpile-config.js
- /Users/soumanpaul/Desktop/Desk/interview/products/cybershield-web/node_modules/next/dist/server/config.js
- /Users/soumanpaul/Desktop/Desk/interview/products/cybershield-web/node_modules/next/dist/server/next.js
- /Users/soumanpaul/Desktop/Desk/interview/products/cybershield-web/node_modules/next/dist/server/lib/start-server.js
    at Module.<anonymous> (node:internal/modules/cjs/loader:1569:15)
    at <unknown> (file:///Users/soumanpaul/Desktop/Desk/interview/products/cybershield-web/node_modules/next/dist/server/require-hook.js:57:36)
    at wrapResolveFilename (node:internal/modules/cjs/loader:1123:27)
    at defaultResolveImplForCJSLoading (node:internal/modules/cjs/loader:1147:10)
    at defaultResolve (node:internal/modules/cjs/loader:1204:20)
    at nextStep (node:internal/modules/customization_hooks:189:26)
    at He (file:///Users/soumanpaul/Desktop/Desk/interview/products/cybershield-web/node_modules/@tailwindcss/node/dist/index.js:1:1283)
    at nextStep (node:internal/modules/customization_hooks:189:26)
    at resolveWithHooks (node:internal/modules/customization_hooks:417:10)
    at resolveForCJSWithHooks (node:internal/modules/cjs/loader:1217:25)
    at Module._load (node:internal/modules/cjs/loader:1346:5)
    at wrapModuleLoad (node:internal/modules/cjs/loader:261:19)
    at Module.<anonymous> (node:internal/modules/cjs/loader:1679:12)
    at mod.require (file:///Users/soumanpaul/Desktop/Desk/interview/products/cybershield-web/node_modules/next/dist/server/require-hook.js:68:28)
    at require (node:internal/modules/helpers:196:16)
    at __webpack_require__.f.require (file:///Users/soumanpaul/Desktop/Desk/interview/products/cybershield-web/.next/server/webpack-runtime.js:195:28)
    at <unknown> (file:///Users/soumanpaul/Desktop/Desk/interview/products/cybershield-web/.next/server/webpack-runtime.js:103:40)
    at Array.reduce (<anonymous>)
    at __webpack_require__.e (file:///Users/soumanpaul/Desktop/Desk/interview/products/cybershield-web/.next/server/webpack-runtime.js:102:67)
    at Array.map (<anonymous>)
    at __webpack_require__.X (file:///Users/soumanpaul/Desktop/Desk/interview/products/cybershield-web/.next/server/webpack-runtime.js:154:22)
    at <unknown> (file:///Users/soumanpaul/Desktop/Desk/interview/products/cybershield-web/.next/server/pages/_document.js:1:325)
    at Object.<anonymous> (file:///Users/soumanpaul/Desktop/Desk/interview/products/cybershield-web/.next/server/pages/_document.js:1:371)
    at Module._compile (node:internal/modules/cjs/loader:1934:14)
    at Object..js (node:internal/modules/cjs/loader:2074:10)
    at Module.load (node:internal/modules/cjs/loader:1656:32)
    at Module._load (node:internal/modules/cjs/loader:1448:12)
    at wrapModuleLoad (node:internal/modules/cjs/loader:261:19)
    at Module.<anonymous> (node:internal/modules/cjs/loader:1679:12)
    at mod.require (file:///Users/soumanpaul/Desktop/Desk/interview/products/cybershield-web/node_modules/next/dist/server/require-hook.js:68:28)
    at require (node:internal/modules/helpers:196:16)
    at requirePage (file:///Users/soumanpaul/Desktop/Desk/interview/products/cybershield-web/node_modules/next/dist/server/require.js:99:80)
    at loadComponentsImpl (file:///Users/soumanpaul/Desktop/Desk/interview/products/cybershield-web/node_modules/next/dist/server/load-components.js:86:38)
    at DevServer.findPageComponentsImpl (file:///Users/soumanpaul/Desktop/Desk/interview/products/cybershield-web/node_modules/next/dist/server/next-server.js:900:77)
    at <unknown> (file:///Users/soumanpaul/Desktop/Desk/interview/products/cybershield-web/node_modules/next/dist/server/next-server.js:878:21)
    at <unknown> (file:///Users/soumanpaul/Desktop/Desk/interview/products/cybershield-web/node_modules/next/dist/server/lib/trace/tracer.js:184:36)
    at NoopContextManager.with (file:///Users/soumanpaul/Desktop/Desk/interview/products/cybershield-web/node_modules/next/dist/compiled/@opentelemetry/api/index.js:1:7062)
    at ContextAPI.with (file:///Users/soumanpaul/Desktop/Desk/interview/products/cybershield-web/node_modules/next/dist/compiled/@opentelemetry/api/index.js:1:518)
    at NoopTracer.startActiveSpan (file:///Users/soumanpaul/Desktop/Desk/interview/products/cybershield-web/node_modules/next/dist/compiled/@opentelemetry/api/index.js:1:18093)
    at ProxyTracer.startActiveSpan (file:///Users/soumanpaul/Desktop/Desk/interview/products/cybershield-web/node_modules/next/dist/compiled/@opentelemetry/api/index.js:1:18854)
    at <unknown> (file:///Users/soumanpaul/Desktop/Desk/interview/products/cybershield-web/node_modules/next/dist/server/lib/trace/tracer.js:153:103)
    at NoopContextManager.with (file:///Users/soumanpaul/Desktop/Desk/interview/products/cybershield-web/node_modules/next/dist/compiled/@opentelemetry/api/index.js:1:7062)
    at ContextAPI.with (file:///Users/soumanpaul/Desktop/Desk/interview/products/cybershield-web/node_modules/next/dist/compiled/@opentelemetry/api/index.js:1:518)
    at NextTracerImpl.trace (file:///Users/soumanpaul/Desktop/Desk/interview/products/cybershield-web/node_modules/next/dist/server/lib/trace/tracer.js:153:28)
    at DevServer.findPageComponents (file:///Users/soumanpaul/Desktop/Desk/interview/products/cybershield-web/node_modules/next/dist/server/next-server.js:873:41)
    at DevServer.findPageComponents (file:///Users/soumanpaul/Desktop/Desk/interview/products/cybershield-web/node_modules/next/dist/server/dev/next-dev-server.js:706:28)
    at async DevServer.renderErrorToResponseImpl (file:///Users/soumanpaul/Desktop/Desk/interview/products/cybershield-web/node_modules/next/dist/server/base-server.js:1695:26)
    at async pipe.req.req (file:///Users/soumanpaul/Desktop/Desk/interview/products/cybershield-web/node_modules/next/dist/server/base-server.js:1618:30)
    at async DevServer.pipeImpl (file:///Users/soumanpaul/Desktop/Desk/interview/products/cybershield-web/node_modules/next/dist/server/base-server.js:1026:25)
    at async NextNodeServer.handleCatchallRenderRequest (file:///Users/soumanpaul/Desktop/Desk/interview/products/cybershield-web/node_modules/next/dist/server/next-server.js:409:21)
[   52806ms] [LOG] [HMR] connected @ webpack-internal:///(pages-dir-browser)/./node_modules/next/dist/client/dev/hot-reloader/pages/websocket.js:45
[   52807ms] [LOG] [Fast Refresh] rebuilding @ webpack-internal:///(pages-dir-browser)/./node_modules/next/dist/client/dev/hot-reloader/pages/hot-reloader-pages.js:206
[   52935ms] [LOG] [Fast Refresh] rebuilding @ webpack-internal:///(pages-dir-browser)/./node_modules/next/dist/client/dev/hot-reloader/pages/hot-reloader-pages.js:206
[   52943ms] [ERROR] Failed to load resource: the server responded with a status of 404 (Not Found) @ http://localhost:3000/_next/static/webpack/cf54367995c4a352.webpack.hot-update.json:0
[   52943ms] [WARNING] [Fast Refresh] performing full reload because your application had an unrecoverable error @ webpack-internal:///(pages-dir-browser)/./node_modules/next/dist/client/dev/hot-reloader/pages/hot-reloader-pages.js:347
[   53206ms] [LOG] [Fast Refresh] rebuilding @ webpack-internal:///(pages-dir-browser)/./node_modules/next/dist/client/dev/hot-reloader/pages/hot-reloader-pages.js:206
[   53224ms] [ERROR] Failed to load resource: the server responded with a status of 404 (Not Found) @ http://localhost:3000/_next/static/webpack/cf54367995c4a352.webpack.hot-update.json:0
[   53224ms] [WARNING] [Fast Refresh] performing full reload because your application had an unrecoverable error @ webpack-internal:///(pages-dir-browser)/./node_modules/next/dist/client/dev/hot-reloader/pages/hot-reloader-pages.js:347
[   53459ms] [ERROR] Failed to load resource: the server responded with a status of 500 (Internal Server Error) @ http://localhost:3000/captured-data:0
[   53766ms] [INFO] %cDownload the React DevTools for a better development experience: https://react.dev/link/react-devtools font-weight:bold @ webpack-internal:///(pages-dir-browser)/./node_modules/react-dom/cjs/react-dom-client.development.js:28004
[   53776ms] Error: Cannot find module './611.js'
Require stack:
- /Users/soumanpaul/Desktop/Desk/interview/products/cybershield-web/.next/server/webpack-runtime.js
- /Users/soumanpaul/Desktop/Desk/interview/products/cybershield-web/.next/server/pages/_document.js
- /Users/soumanpaul/Desktop/Desk/interview/products/cybershield-web/node_modules/next/dist/server/require.js
- /Users/soumanpaul/Desktop/Desk/interview/products/cybershield-web/node_modules/next/dist/server/load-components.js
- /Users/soumanpaul/Desktop/Desk/interview/products/cybershield-web/node_modules/next/dist/build/utils.js
- /Users/soumanpaul/Desktop/Desk/interview/products/cybershield-web/node_modules/next/dist/build/swc/options.js
- /Users/soumanpaul/Desktop/Desk/interview/products/cybershield-web/node_modules/next/dist/build/swc/index.js
- /Users/soumanpaul/Desktop/Desk/interview/products/cybershield-web/node_modules/next/dist/build/next-config-ts/transpile-config.js
- /Users/soumanpaul/Desktop/Desk/interview/products/cybershield-web/node_modules/next/dist/server/config.js
- /Users/soumanpaul/Desktop/Desk/interview/products/cybershield-web/node_modules/next/dist/server/next.js
- /Users/soumanpaul/Desktop/Desk/interview/products/cybershield-web/node_modules/next/dist/server/lib/start-server.js
    at Module.<anonymous> (node:internal/modules/cjs/loader:1569:15)
    at <unknown> (file:///Users/soumanpaul/Desktop/Desk/interview/products/cybershield-web/node_modules/next/dist/server/require-hook.js:57:36)
    at wrapResolveFilename (node:internal/modules/cjs/loader:1123:27)
    at defaultResolveImplForCJSLoading (node:internal/modules/cjs/loader:1147:10)
    at defaultResolve (node:internal/modules/cjs/loader:1204:20)
    at nextStep (node:internal/modules/customization_hooks:189:26)
    at He (file:///Users/soumanpaul/Desktop/Desk/interview/products/cybershield-web/node_modules/@tailwindcss/node/dist/index.js:1:1283)
    at nextStep (node:internal/modules/customization_hooks:189:26)
    at resolveWithHooks (node:internal/modules/customization_hooks:417:10)
    at resolveForCJSWithHooks (node:internal/modules/cjs/loader:1217:25)
    at Module._load (node:internal/modules/cjs/loader:1346:5)
    at wrapModuleLoad (node:internal/modules/cjs/loader:261:19)
    at Module.<anonymous> (node:internal/modules/cjs/loader:1679:12)
    at mod.require (file:///Users/soumanpaul/Desktop/Desk/interview/products/cybershield-web/node_modules/next/dist/server/require-hook.js:68:28)
    at require (node:internal/modules/helpers:196:16)
    at __webpack_require__.f.require (file:///Users/soumanpaul/Desktop/Desk/interview/products/cybershield-web/.next/server/webpack-runtime.js:195:28)
    at <unknown> (file:///Users/soumanpaul/Desktop/Desk/interview/products/cybershield-web/.next/server/webpack-runtime.js:103:40)
    at Array.reduce (<anonymous>)
    at __webpack_require__.e (file:///Users/soumanpaul/Desktop/Desk/interview/products/cybershield-web/.next/server/webpack-runtime.js:102:67)
    at Array.map (<anonymous>)
    at __webpack_require__.X (file:///Users/soumanpaul/Desktop/Desk/interview/products/cybershield-web/.next/server/webpack-runtime.js:154:22)
    at <unknown> (file:///Users/soumanpaul/Desktop/Desk/interview/products/cybershield-web/.next/server/pages/_document.js:1:325)
    at Object.<anonymous> (file:///Users/soumanpaul/Desktop/Desk/interview/products/cybershield-web/.next/server/pages/_document.js:1:371)
    at Module._compile (node:internal/modules/cjs/loader:1934:14)
    at Object..js (node:internal/modules/cjs/loader:2074:10)
    at Module.load (node:internal/modules/cjs/loader:1656:32)
    at Module._load (node:internal/modules/cjs/loader:1448:12)
    at wrapModuleLoad (node:internal/modules/cjs/loader:261:19)
    at Module.<anonymous> (node:internal/modules/cjs/loader:1679:12)
    at mod.require (file:///Users/soumanpaul/Desktop/Desk/interview/products/cybershield-web/node_modules/next/dist/server/require-hook.js:68:28)
    at require (node:internal/modules/helpers:196:16)
    at requirePage (file:///Users/soumanpaul/Desktop/Desk/interview/products/cybershield-web/node_modules/next/dist/server/require.js:99:80)
    at loadComponentsImpl (file:///Users/soumanpaul/Desktop/Desk/interview/products/cybershield-web/node_modules/next/dist/server/load-components.js:86:38)
    at DevServer.findPageComponentsImpl (file:///Users/soumanpaul/Desktop/Desk/interview/products/cybershield-web/node_modules/next/dist/server/next-server.js:900:77)
    at <unknown> (file:///Users/soumanpaul/Desktop/Desk/interview/products/cybershield-web/node_modules/next/dist/server/next-server.js:878:21)
    at <unknown> (file:///Users/soumanpaul/Desktop/Desk/interview/products/cybershield-web/node_modules/next/dist/server/lib/trace/tracer.js:184:36)
    at NoopContextManager.with (file:///Users/soumanpaul/Desktop/Desk/interview/products/cybershield-web/node_modules/next/dist/compiled/@opentelemetry/api/index.js:1:7062)
    at ContextAPI.with (file:///Users/soumanpaul/Desktop/Desk/interview/products/cybershield-web/node_modules/next/dist/compiled/@opentelemetry/api/index.js:1:518)
    at NoopTracer.startActiveSpan (file:///Users/soumanpaul/Desktop/Desk/interview/products/cybershield-web/node_modules/next/dist/compiled/@opentelemetry/api/index.js:1:18093)
    at ProxyTracer.startActiveSpan (file:///Users/soumanpaul/Desktop/Desk/interview/products/cybershield-web/node_modules/next/dist/compiled/@opentelemetry/api/index.js:1:18854)
    at <unknown> (file:///Users/soumanpaul/Desktop/Desk/interview/products/cybershield-web/node_modules/next/dist/server/lib/trace/tracer.js:153:103)
    at NoopContextManager.with (file:///Users/soumanpaul/Desktop/Desk/interview/products/cybershield-web/node_modules/next/dist/compiled/@opentelemetry/api/index.js:1:7062)
    at ContextAPI.with (file:///Users/soumanpaul/Desktop/Desk/interview/products/cybershield-web/node_modules/next/dist/compiled/@opentelemetry/api/index.js:1:518)
    at NextTracerImpl.trace (file:///Users/soumanpaul/Desktop/Desk/interview/products/cybershield-web/node_modules/next/dist/server/lib/trace/tracer.js:153:28)
    at DevServer.findPageComponents (file:///Users/soumanpaul/Desktop/Desk/interview/products/cybershield-web/node_modules/next/dist/server/next-server.js:873:41)
    at DevServer.findPageComponents (file:///Users/soumanpaul/Desktop/Desk/interview/products/cybershield-web/node_modules/next/dist/server/dev/next-dev-server.js:706:28)
    at async DevServer.renderErrorToResponseImpl (file:///Users/soumanpaul/Desktop/Desk/interview/products/cybershield-web/node_modules/next/dist/server/base-server.js:1695:26)
    at async pipe.req.req (file:///Users/soumanpaul/Desktop/Desk/interview/products/cybershield-web/node_modules/next/dist/server/base-server.js:1618:30)
    at async DevServer.pipeImpl (file:///Users/soumanpaul/Desktop/Desk/interview/products/cybershield-web/node_modules/next/dist/server/base-server.js:1026:25)
    at async NextNodeServer.handleCatchallRenderRequest (file:///Users/soumanpaul/Desktop/Desk/interview/products/cybershield-web/node_modules/next/dist/server/next-server.js:409:21)
[   53779ms] [LOG] [HMR] connected @ webpack-internal:///(pages-dir-browser)/./node_modules/next/dist/client/dev/hot-reloader/pages/websocket.js:45
[   53803ms] [LOG] [Fast Refresh] rebuilding @ webpack-internal:///(pages-dir-browser)/./node_modules/next/dist/client/dev/hot-reloader/pages/hot-reloader-pages.js:206
[   53968ms] [LOG] [Fast Refresh] rebuilding @ webpack-internal:///(pages-dir-browser)/./node_modules/next/dist/client/dev/hot-reloader/pages/hot-reloader-pages.js:206
[   53976ms] [ERROR] Failed to load resource: the server responded with a status of 404 (Not Found) @ http://localhost:3000/_next/static/webpack/cf54367995c4a352.webpack.hot-update.json:0
[   53976ms] [WARNING] [Fast Refresh] performing full reload because your application had an unrecoverable error @ webpack-internal:///(pages-dir-browser)/./node_modules/next/dist/client/dev/hot-reloader/pages/hot-reloader-pages.js:347
[   54110ms] [LOG] [Fast Refresh] rebuilding @ webpack-internal:///(pages-dir-browser)/./node_modules/next/dist/client/dev/hot-reloader/pages/hot-reloader-pages.js:206
[   54126ms] [ERROR] Failed to load resource: the server responded with a status of 404 (Not Found) @ http://localhost:3000/_next/static/webpack/cf54367995c4a352.webpack.hot-update.json:0
[   54126ms] [WARNING] [Fast Refresh] performing full reload because your application had an unrecoverable error @ webpack-internal:///(pages-dir-browser)/./node_modules/next/dist/client/dev/hot-reloader/pages/hot-reloader-pages.js:347
[   54390ms] [ERROR] Failed to load resource: the server responded with a status of 500 (Internal Server Error) @ http://localhost:3000/captured-data:0
[   54752ms] [INFO] %cDownload the React DevTools for a better development experience: https://react.dev/link/react-devtools font-weight:bold @ webpack-internal:///(pages-dir-browser)/./node_modules/react-dom/cjs/react-dom-client.development.js:28004
[   54764ms] Error: Cannot find module './611.js'
Require stack:
- /Users/soumanpaul/Desktop/Desk/interview/products/cybershield-web/.next/server/webpack-runtime.js
- /Users/soumanpaul/Desktop/Desk/interview/products/cybershield-web/.next/server/pages/_document.js
- /Users/soumanpaul/Desktop/Desk/interview/products/cybershield-web/node_modules/next/dist/server/require.js
- /Users/soumanpaul/Desktop/Desk/interview/products/cybershield-web/node_modules/next/dist/server/load-components.js
- /Users/soumanpaul/Desktop/Desk/interview/products/cybershield-web/node_modules/next/dist/build/utils.js
- /Users/soumanpaul/Desktop/Desk/interview/products/cybershield-web/node_modules/next/dist/build/swc/options.js
- /Users/soumanpaul/Desktop/Desk/interview/products/cybershield-web/node_modules/next/dist/build/swc/index.js
- /Users/soumanpaul/Desktop/Desk/interview/products/cybershield-web/node_modules/next/dist/build/next-config-ts/transpile-config.js
- /Users/soumanpaul/Desktop/Desk/interview/products/cybershield-web/node_modules/next/dist/server/config.js
- /Users/soumanpaul/Desktop/Desk/interview/products/cybershield-web/node_modules/next/dist/server/next.js
- /Users/soumanpaul/Desktop/Desk/interview/products/cybershield-web/node_modules/next/dist/server/lib/start-server.js
    at Module.<anonymous> (node:internal/modules/cjs/loader:1569:15)
    at <unknown> (file:///Users/soumanpaul/Desktop/Desk/interview/products/cybershield-web/node_modules/next/dist/server/require-hook.js:57:36)
    at wrapResolveFilename (node:internal/modules/cjs/loader:1123:27)
    at defaultResolveImplForCJSLoading (node:internal/modules/cjs/loader:1147:10)
    at defaultResolve (node:internal/modules/cjs/loader:1204:20)
    at nextStep (node:internal/modules/customization_hooks:189:26)
    at He (file:///Users/soumanpaul/Desktop/Desk/interview/products/cybershield-web/node_modules/@tailwindcss/node/dist/index.js:1:1283)
    at nextStep (node:internal/modules/customization_hooks:189:26)
    at resolveWithHooks (node:internal/modules/customization_hooks:417:10)
    at resolveForCJSWithHooks (node:internal/modules/cjs/loader:1217:25)
    at Module._load (node:internal/modules/cjs/loader:1346:5)
    at wrapModuleLoad (node:internal/modules/cjs/loader:261:19)
    at Module.<anonymous> (node:internal/modules/cjs/loader:1679:12)
    at mod.require (file:///Users/soumanpaul/Desktop/Desk/interview/products/cybershield-web/node_modules/next/dist/server/require-hook.js:68:28)
    at require (node:internal/modules/helpers:196:16)
    at __webpack_require__.f.require (file:///Users/soumanpaul/Desktop/Desk/interview/products/cybershield-web/.next/server/webpack-runtime.js:195:28)
    at <unknown> (file:///Users/soumanpaul/Desktop/Desk/interview/products/cybershield-web/.next/server/webpack-runtime.js:103:40)
    at Array.reduce (<anonymous>)
    at __webpack_require__.e (file:///Users/soumanpaul/Desktop/Desk/interview/products/cybershield-web/.next/server/webpack-runtime.js:102:67)
    at Array.map (<anonymous>)
    at __webpack_require__.X (file:///Users/soumanpaul/Desktop/Desk/interview/products/cybershield-web/.next/server/webpack-runtime.js:154:22)
    at <unknown> (file:///Users/soumanpaul/Desktop/Desk/interview/products/cybershield-web/.next/server/pages/_document.js:1:325)
    at Object.<anonymous> (file:///Users/soumanpaul/Desktop/Desk/interview/products/cybershield-web/.next/server/pages/_document.js:1:371)
    at Module._compile (node:internal/modules/cjs/loader:1934:14)
    at Object..js (node:internal/modules/cjs/loader:2074:10)
    at Module.load (node:internal/modules/cjs/loader:1656:32)
    at Module._load (node:internal/modules/cjs/loader:1448:12)
    at wrapModuleLoad (node:internal/modules/cjs/loader:261:19)
    at Module.<anonymous> (node:internal/modules/cjs/loader:1679:12)
    at mod.require (file:///Users/soumanpaul/Desktop/Desk/interview/products/cybershield-web/node_modules/next/dist/server/require-hook.js:68:28)
    at require (node:internal/modules/helpers:196:16)
    at requirePage (file:///Users/soumanpaul/Desktop/Desk/interview/products/cybershield-web/node_modules/next/dist/server/require.js:99:80)
    at loadComponentsImpl (file:///Users/soumanpaul/Desktop/Desk/interview/products/cybershield-web/node_modules/next/dist/server/load-components.js:86:38)
    at DevServer.findPageComponentsImpl (file:///Users/soumanpaul/Desktop/Desk/interview/products/cybershield-web/node_modules/next/dist/server/next-server.js:900:77)
    at <unknown> (file:///Users/soumanpaul/Desktop/Desk/interview/products/cybershield-web/node_modules/next/dist/server/next-server.js:878:21)
    at <unknown> (file:///Users/soumanpaul/Desktop/Desk/interview/products/cybershield-web/node_modules/next/dist/server/lib/trace/tracer.js:184:36)
    at NoopContextManager.with (file:///Users/soumanpaul/Desktop/Desk/interview/products/cybershield-web/node_modules/next/dist/compiled/@opentelemetry/api/index.js:1:7062)
    at ContextAPI.with (file:///Users/soumanpaul/Desktop/Desk/interview/products/cybershield-web/node_modules/next/dist/compiled/@opentelemetry/api/index.js:1:518)
    at NoopTracer.startActiveSpan (file:///Users/soumanpaul/Desktop/Desk/interview/products/cybershield-web/node_modules/next/dist/compiled/@opentelemetry/api/index.js:1:18093)
    at ProxyTracer.startActiveSpan (file:///Users/soumanpaul/Desktop/Desk/interview/products/cybershield-web/node_modules/next/dist/compiled/@opentelemetry/api/index.js:1:18854)
    at <unknown> (file:///Users/soumanpaul/Desktop/Desk/interview/products/cybershield-web/node_modules/next/dist/server/lib/trace/tracer.js:153:103)
    at NoopContextManager.with (file:///Users/soumanpaul/Desktop/Desk/interview/products/cybershield-web/node_modules/next/dist/compiled/@opentelemetry/api/index.js:1:7062)
    at ContextAPI.with (file:///Users/soumanpaul/Desktop/Desk/interview/products/cybershield-web/node_modules/next/dist/compiled/@opentelemetry/api/index.js:1:518)
    at NextTracerImpl.trace (file:///Users/soumanpaul/Desktop/Desk/interview/products/cybershield-web/node_modules/next/dist/server/lib/trace/tracer.js:153:28)
    at DevServer.findPageComponents (file:///Users/soumanpaul/Desktop/Desk/interview/products/cybershield-web/node_modules/next/dist/server/next-server.js:873:41)
    at DevServer.findPageComponents (file:///Users/soumanpaul/Desktop/Desk/interview/products/cybershield-web/node_modules/next/dist/server/dev/next-dev-server.js:706:28)
    at async DevServer.renderErrorToResponseImpl (file:///Users/soumanpaul/Desktop/Desk/interview/products/cybershield-web/node_modules/next/dist/server/base-server.js:1695:26)
    at async pipe.req.req (file:///Users/soumanpaul/Desktop/Desk/interview/products/cybershield-web/node_modules/next/dist/server/base-server.js:1618:30)
    at async DevServer.pipeImpl (file:///Users/soumanpaul/Desktop/Desk/interview/products/cybershield-web/node_modules/next/dist/server/base-server.js:1026:25)
    at async NextNodeServer.handleCatchallRenderRequest (file:///Users/soumanpaul/Desktop/Desk/interview/products/cybershield-web/node_modules/next/dist/server/next-server.js:409:21)
[   54774ms] [LOG] [HMR] connected @ webpack-internal:///(pages-dir-browser)/./node_modules/next/dist/client/dev/hot-reloader/pages/websocket.js:45
[   54914ms] [LOG] [Fast Refresh] rebuilding @ webpack-internal:///(pages-dir-browser)/./node_modules/next/dist/client/dev/hot-reloader/pages/hot-reloader-pages.js:206
[   54921ms] [ERROR] Failed to load resource: the server responded with a status of 404 (Not Found) @ http://localhost:3000/_next/static/webpack/cf54367995c4a352.webpack.hot-update.json:0
[   54921ms] [WARNING] [Fast Refresh] performing full reload because your application had an unrecoverable error @ webpack-internal:///(pages-dir-browser)/./node_modules/next/dist/client/dev/hot-reloader/pages/hot-reloader-pages.js:347
[   55033ms] [LOG] [Fast Refresh] rebuilding @ webpack-internal:///(pages-dir-browser)/./node_modules/next/dist/client/dev/hot-reloader/pages/hot-reloader-pages.js:206
[   55041ms] [ERROR] Failed to load resource: the server responded with a status of 404 (Not Found) @ http://localhost:3000/_next/static/webpack/cf54367995c4a352.webpack.hot-update.json:0
[   55041ms] [WARNING] [Fast Refresh] performing full reload because your application had an unrecoverable error @ webpack-internal:///(pages-dir-browser)/./node_modules/next/dist/client/dev/hot-reloader/pages/hot-reloader-pages.js:347
[   55361ms] [ERROR] Failed to load resource: the server responded with a status of 500 (Internal Server Error) @ http://localhost:3000/captured-data:0
[   55680ms] [INFO] %cDownload the React DevTools for a better development experience: https://react.dev/link/react-devtools font-weight:bold @ webpack-internal:///(pages-dir-browser)/./node_modules/react-dom/cjs/react-dom-client.development.js:28004
[   55690ms] Error: Cannot find module './611.js'
Require stack:
- /Users/soumanpaul/Desktop/Desk/interview/products/cybershield-web/.next/server/webpack-runtime.js
- /Users/soumanpaul/Desktop/Desk/interview/products/cybershield-web/.next/server/pages/_document.js
- /Users/soumanpaul/Desktop/Desk/interview/products/cybershield-web/node_modules/next/dist/server/require.js
- /Users/soumanpaul/Desktop/Desk/interview/products/cybershield-web/node_modules/next/dist/server/load-components.js
- /Users/soumanpaul/Desktop/Desk/interview/products/cybershield-web/node_modules/next/dist/build/utils.js
- /Users/soumanpaul/Desktop/Desk/interview/products/cybershield-web/node_modules/next/dist/build/swc/options.js
- /Users/soumanpaul/Desktop/Desk/interview/products/cybershield-web/node_modules/next/dist/build/swc/index.js
- /Users/soumanpaul/Desktop/Desk/interview/products/cybershield-web/node_modules/next/dist/build/next-config-ts/transpile-config.js
- /Users/soumanpaul/Desktop/Desk/interview/products/cybershield-web/node_modules/next/dist/server/config.js
- /Users/soumanpaul/Desktop/Desk/interview/products/cybershield-web/node_modules/next/dist/server/next.js
- /Users/soumanpaul/Desktop/Desk/interview/products/cybershield-web/node_modules/next/dist/server/lib/start-server.js
    at Module.<anonymous> (node:internal/modules/cjs/loader:1569:15)
    at <unknown> (file:///Users/soumanpaul/Desktop/Desk/interview/products/cybershield-web/node_modules/next/dist/server/require-hook.js:57:36)
    at wrapResolveFilename (node:internal/modules/cjs/loader:1123:27)
    at defaultResolveImplForCJSLoading (node:internal/modules/cjs/loader:1147:10)
    at defaultResolve (node:internal/modules/cjs/loader:1204:20)
    at nextStep (node:internal/modules/customization_hooks:189:26)
    at He (file:///Users/soumanpaul/Desktop/Desk/interview/products/cybershield-web/node_modules/@tailwindcss/node/dist/index.js:1:1283)
    at nextStep (node:internal/modules/customization_hooks:189:26)
    at resolveWithHooks (node:internal/modules/customization_hooks:417:10)
    at resolveForCJSWithHooks (node:internal/modules/cjs/loader:1217:25)
    at Module._load (node:internal/modules/cjs/loader:1346:5)
    at wrapModuleLoad (node:internal/modules/cjs/loader:261:19)
    at Module.<anonymous> (node:internal/modules/cjs/loader:1679:12)
    at mod.require (file:///Users/soumanpaul/Desktop/Desk/interview/products/cybershield-web/node_modules/next/dist/server/require-hook.js:68:28)
    at require (node:internal/modules/helpers:196:16)
    at __webpack_require__.f.require (file:///Users/soumanpaul/Desktop/Desk/interview/products/cybershield-web/.next/server/webpack-runtime.js:195:28)
    at <unknown> (file:///Users/soumanpaul/Desktop/Desk/interview/products/cybershield-web/.next/server/webpack-runtime.js:103:40)
    at Array.reduce (<anonymous>)
    at __webpack_require__.e (file:///Users/soumanpaul/Desktop/Desk/interview/products/cybershield-web/.next/server/webpack-runtime.js:102:67)
    at Array.map (<anonymous>)
    at __webpack_require__.X (file:///Users/soumanpaul/Desktop/Desk/interview/products/cybershield-web/.next/server/webpack-runtime.js:154:22)
    at <unknown> (file:///Users/soumanpaul/Desktop/Desk/interview/products/cybershield-web/.next/server/pages/_document.js:1:325)
    at Object.<anonymous> (file:///Users/soumanpaul/Desktop/Desk/interview/products/cybershield-web/.next/server/pages/_document.js:1:371)
    at Module._compile (node:internal/modules/cjs/loader:1934:14)
    at Object..js (node:internal/modules/cjs/loader:2074:10)
    at Module.load (node:internal/modules/cjs/loader:1656:32)
    at Module._load (node:internal/modules/cjs/loader:1448:12)
    at wrapModuleLoad (node:internal/modules/cjs/loader:261:19)
    at Module.<anonymous> (node:internal/modules/cjs/loader:1679:12)
    at mod.require (file:///Users/soumanpaul/Desktop/Desk/interview/products/cybershield-web/node_modules/next/dist/server/require-hook.js:68:28)
    at require (node:internal/modules/helpers:196:16)
    at requirePage (file:///Users/soumanpaul/Desktop/Desk/interview/products/cybershield-web/node_modules/next/dist/server/require.js:99:80)
    at loadComponentsImpl (file:///Users/soumanpaul/Desktop/Desk/interview/products/cybershield-web/node_modules/next/dist/server/load-components.js:86:38)
    at DevServer.findPageComponentsImpl (file:///Users/soumanpaul/Desktop/Desk/interview/products/cybershield-web/node_modules/next/dist/server/next-server.js:900:77)
    at <unknown> (file:///Users/soumanpaul/Desktop/Desk/interview/products/cybershield-web/node_modules/next/dist/server/next-server.js:878:21)
    at <unknown> (file:///Users/soumanpaul/Desktop/Desk/interview/products/cybershield-web/node_modules/next/dist/server/lib/trace/tracer.js:184:36)
    at NoopContextManager.with (file:///Users/soumanpaul/Desktop/Desk/interview/products/cybershield-web/node_modules/next/dist/compiled/@opentelemetry/api/index.js:1:7062)
    at ContextAPI.with (file:///Users/soumanpaul/Desktop/Desk/interview/products/cybershield-web/node_modules/next/dist/compiled/@opentelemetry/api/index.js:1:518)
    at NoopTracer.startActiveSpan (file:///Users/soumanpaul/Desktop/Desk/interview/products/cybershield-web/node_modules/next/dist/compiled/@opentelemetry/api/index.js:1:18093)
    at ProxyTracer.startActiveSpan (file:///Users/soumanpaul/Desktop/Desk/interview/products/cybershield-web/node_modules/next/dist/compiled/@opentelemetry/api/index.js:1:18854)
    at <unknown> (file:///Users/soumanpaul/Desktop/Desk/interview/products/cybershield-web/node_modules/next/dist/server/lib/trace/tracer.js:153:103)
    at NoopContextManager.with (file:///Users/soumanpaul/Desktop/Desk/interview/products/cybershield-web/node_modules/next/dist/compiled/@opentelemetry/api/index.js:1:7062)
    at ContextAPI.with (file:///Users/soumanpaul/Desktop/Desk/interview/products/cybershield-web/node_modules/next/dist/compiled/@opentelemetry/api/index.js:1:518)
    at NextTracerImpl.trace (file:///Users/soumanpaul/Desktop/Desk/interview/products/cybershield-web/node_modules/next/dist/server/lib/trace/tracer.js:153:28)
    at DevServer.findPageComponents (file:///Users/soumanpaul/Desktop/Desk/interview/products/cybershield-web/node_modules/next/dist/server/next-server.js:873:41)
    at DevServer.findPageComponents (file:///Users/soumanpaul/Desktop/Desk/interview/products/cybershield-web/node_modules/next/dist/server/dev/next-dev-server.js:706:28)
    at async DevServer.renderErrorToResponseImpl (file:///Users/soumanpaul/Desktop/Desk/interview/products/cybershield-web/node_modules/next/dist/server/base-server.js:1695:26)
    at async pipe.req.req (file:///Users/soumanpaul/Desktop/Desk/interview/products/cybershield-web/node_modules/next/dist/server/base-server.js:1618:30)
    at async DevServer.pipeImpl (file:///Users/soumanpaul/Desktop/Desk/interview/products/cybershield-web/node_modules/next/dist/server/base-server.js:1026:25)
    at async NextNodeServer.handleCatchallRenderRequest (file:///Users/soumanpaul/Desktop/Desk/interview/products/cybershield-web/node_modules/next/dist/server/next-server.js:409:21)
[   55694ms] [LOG] [HMR] connected @ webpack-internal:///(pages-dir-browser)/./node_modules/next/dist/client/dev/hot-reloader/pages/websocket.js:45
[   55695ms] [LOG] [Fast Refresh] rebuilding @ webpack-internal:///(pages-dir-browser)/./node_modules/next/dist/client/dev/hot-reloader/pages/hot-reloader-pages.js:206
[   55868ms] [LOG] [Fast Refresh] rebuilding @ webpack-internal:///(pages-dir-browser)/./node_modules/next/dist/client/dev/hot-reloader/pages/hot-reloader-pages.js:206
[   55877ms] [ERROR] Failed to load resource: the server responded with a status of 404 (Not Found) @ http://localhost:3000/_next/static/webpack/cf54367995c4a352.webpack.hot-update.json:0
[   55877ms] [WARNING] [Fast Refresh] performing full reload because your application had an unrecoverable error @ webpack-internal:///(pages-dir-browser)/./node_modules/next/dist/client/dev/hot-reloader/pages/hot-reloader-pages.js:347
[   56023ms] [LOG] [Fast Refresh] rebuilding @ webpack-internal:///(pages-dir-browser)/./node_modules/next/dist/client/dev/hot-reloader/pages/hot-reloader-pages.js:206
[   56033ms] [ERROR] Failed to load resource: the server responded with a status of 404 (Not Found) @ http://localhost:3000/_next/static/webpack/cf54367995c4a352.webpack.hot-update.json:0
[   56033ms] [WARNING] [Fast Refresh] performing full reload because your application had an unrecoverable error @ webpack-internal:///(pages-dir-browser)/./node_modules/next/dist/client/dev/hot-reloader/pages/hot-reloader-pages.js:347
[   56403ms] [ERROR] Failed to load resource: the server responded with a status of 500 (Internal Server Error) @ http://localhost:3000/captured-data:0
[   56841ms] [INFO] %cDownload the React DevTools for a better development experience: https://react.dev/link/react-devtools font-weight:bold @ webpack-internal:///(pages-dir-browser)/./node_modules/react-dom/cjs/react-dom-client.development.js:28004
[   56859ms] Error: Cannot find module './611.js'
Require stack:
- /Users/soumanpaul/Desktop/Desk/interview/products/cybershield-web/.next/server/webpack-runtime.js
- /Users/soumanpaul/Desktop/Desk/interview/products/cybershield-web/.next/server/pages/_document.js
- /Users/soumanpaul/Desktop/Desk/interview/products/cybershield-web/node_modules/next/dist/server/require.js
- /Users/soumanpaul/Desktop/Desk/interview/products/cybershield-web/node_modules/next/dist/server/load-components.js
- /Users/soumanpaul/Desktop/Desk/interview/products/cybershield-web/node_modules/next/dist/build/utils.js
- /Users/soumanpaul/Desktop/Desk/interview/products/cybershield-web/node_modules/next/dist/build/swc/options.js
- /Users/soumanpaul/Desktop/Desk/interview/products/cybershield-web/node_modules/next/dist/build/swc/index.js
- /Users/soumanpaul/Desktop/Desk/interview/products/cybershield-web/node_modules/next/dist/build/next-config-ts/transpile-config.js
- /Users/soumanpaul/Desktop/Desk/interview/products/cybershield-web/node_modules/next/dist/server/config.js
- /Users/soumanpaul/Desktop/Desk/interview/products/cybershield-web/node_modules/next/dist/server/next.js
- /Users/soumanpaul/Desktop/Desk/interview/products/cybershield-web/node_modules/next/dist/server/lib/start-server.js
    at Module.<anonymous> (node:internal/modules/cjs/loader:1569:15)
    at <unknown> (file:///Users/soumanpaul/Desktop/Desk/interview/products/cybershield-web/node_modules/next/dist/server/require-hook.js:57:36)
    at wrapResolveFilename (node:internal/modules/cjs/loader:1123:27)
    at defaultResolveImplForCJSLoading (node:internal/modules/cjs/loader:1147:10)
    at defaultResolve (node:internal/modules/cjs/loader:1204:20)
    at nextStep (node:internal/modules/customization_hooks:189:26)
    at He (file:///Users/soumanpaul/Desktop/Desk/interview/products/cybershield-web/node_modules/@tailwindcss/node/dist/index.js:1:1283)
    at nextStep (node:internal/modules/customization_hooks:189:26)
    at resolveWithHooks (node:internal/modules/customization_hooks:417:10)
    at resolveForCJSWithHooks (node:internal/modules/cjs/loader:1217:25)
    at Module._load (node:internal/modules/cjs/loader:1346:5)
    at wrapModuleLoad (node:internal/modules/cjs/loader:261:19)
    at Module.<anonymous> (node:internal/modules/cjs/loader:1679:12)
    at mod.require (file:///Users/soumanpaul/Desktop/Desk/interview/products/cybershield-web/node_modules/next/dist/server/require-hook.js:68:28)
    at require (node:internal/modules/helpers:196:16)
    at __webpack_require__.f.require (file:///Users/soumanpaul/Desktop/Desk/interview/products/cybershield-web/.next/server/webpack-runtime.js:195:28)
    at <unknown> (file:///Users/soumanpaul/Desktop/Desk/interview/products/cybershield-web/.next/server/webpack-runtime.js:103:40)
    at Array.reduce (<anonymous>)
    at __webpack_require__.e (file:///Users/soumanpaul/Desktop/Desk/interview/products/cybershield-web/.next/server/webpack-runtime.js:102:67)
    at Array.map (<anonymous>)
    at __webpack_require__.X (file:///Users/soumanpaul/Desktop/Desk/interview/products/cybershield-web/.next/server/webpack-runtime.js:154:22)
    at <unknown> (file:///Users/soumanpaul/Desktop/Desk/interview/products/cybershield-web/.next/server/pages/_document.js:1:325)
    at Object.<anonymous> (file:///Users/soumanpaul/Desktop/Desk/interview/products/cybershield-web/.next/server/pages/_document.js:1:371)
    at Module._compile (node:internal/modules/cjs/loader:1934:14)
    at Object..js (node:internal/modules/cjs/loader:2074:10)
    at Module.load (node:internal/modules/cjs/loader:1656:32)
    at Module._load (node:internal/modules/cjs/loader:1448:12)
    at wrapModuleLoad (node:internal/modules/cjs/loader:261:19)
    at Module.<anonymous> (node:internal/modules/cjs/loader:1679:12)
    at mod.require (file:///Users/soumanpaul/Desktop/Desk/interview/products/cybershield-web/node_modules/next/dist/server/require-hook.js:68:28)
    at require (node:internal/modules/helpers:196:16)
    at requirePage (file:///Users/soumanpaul/Desktop/Desk/interview/products/cybershield-web/node_modules/next/dist/server/require.js:99:80)
    at loadComponentsImpl (file:///Users/soumanpaul/Desktop/Desk/interview/products/cybershield-web/node_modules/next/dist/server/load-components.js:86:38)
    at DevServer.findPageComponentsImpl (file:///Users/soumanpaul/Desktop/Desk/interview/products/cybershield-web/node_modules/next/dist/server/next-server.js:900:77)
    at <unknown> (file:///Users/soumanpaul/Desktop/Desk/interview/products/cybershield-web/node_modules/next/dist/server/next-server.js:878:21)
    at <unknown> (file:///Users/soumanpaul/Desktop/Desk/interview/products/cybershield-web/node_modules/next/dist/server/lib/trace/tracer.js:184:36)
    at NoopContextManager.with (file:///Users/soumanpaul/Desktop/Desk/interview/products/cybershield-web/node_modules/next/dist/compiled/@opentelemetry/api/index.js:1:7062)
    at ContextAPI.with (file:///Users/soumanpaul/Desktop/Desk/interview/products/cybershield-web/node_modules/next/dist/compiled/@opentelemetry/api/index.js:1:518)
    at NoopTracer.startActiveSpan (file:///Users/soumanpaul/Desktop/Desk/interview/products/cybershield-web/node_modules/next/dist/compiled/@opentelemetry/api/index.js:1:18093)
    at ProxyTracer.startActiveSpan (file:///Users/soumanpaul/Desktop/Desk/interview/products/cybershield-web/node_modules/next/dist/compiled/@opentelemetry/api/index.js:1:18854)
    at <unknown> (file:///Users/soumanpaul/Desktop/Desk/interview/products/cybershield-web/node_modules/next/dist/server/lib/trace/tracer.js:153:103)
    at NoopContextManager.with (file:///Users/soumanpaul/Desktop/Desk/interview/products/cybershield-web/node_modules/next/dist/compiled/@opentelemetry/api/index.js:1:7062)
    at ContextAPI.with (file:///Users/soumanpaul/Desktop/Desk/interview/products/cybershield-web/node_modules/next/dist/compiled/@opentelemetry/api/index.js:1:518)
    at NextTracerImpl.trace (file:///Users/soumanpaul/Desktop/Desk/interview/products/cybershield-web/node_modules/next/dist/server/lib/trace/tracer.js:153:28)
    at DevServer.findPageComponents (file:///Users/soumanpaul/Desktop/Desk/interview/products/cybershield-web/node_modules/next/dist/server/next-server.js:873:41)
    at DevServer.findPageComponents (file:///Users/soumanpaul/Desktop/Desk/interview/products/cybershield-web/node_modules/next/dist/server/dev/next-dev-server.js:706:28)
    at async DevServer.renderErrorToResponseImpl (file:///Users/soumanpaul/Desktop/Desk/interview/products/cybershield-web/node_modules/next/dist/server/base-server.js:1695:26)
    at async pipe.req.req (file:///Users/soumanpaul/Desktop/Desk/interview/products/cybershield-web/node_modules/next/dist/server/base-server.js:1618:30)
    at async DevServer.pipeImpl (file:///Users/soumanpaul/Desktop/Desk/interview/products/cybershield-web/node_modules/next/dist/server/base-server.js:1026:25)
    at async NextNodeServer.handleCatchallRenderRequest (file:///Users/soumanpaul/Desktop/Desk/interview/products/cybershield-web/node_modules/next/dist/server/next-server.js:409:21)
[   56881ms] [LOG] [HMR] connected @ webpack-internal:///(pages-dir-browser)/./node_modules/next/dist/client/dev/hot-reloader/pages/websocket.js:45
[   57061ms] [LOG] [Fast Refresh] rebuilding @ webpack-internal:///(pages-dir-browser)/./node_modules/next/dist/client/dev/hot-reloader/pages/hot-reloader-pages.js:206
[   57267ms] [LOG] [Fast Refresh] rebuilding @ webpack-internal:///(pages-dir-browser)/./node_modules/next/dist/client/dev/hot-reloader/pages/hot-reloader-pages.js:206
[   57289ms] [ERROR] Failed to load resource: the server responded with a status of 404 (Not Found) @ http://localhost:3000/_next/static/webpack/cf54367995c4a352.webpack.hot-update.json:0
[   57289ms] [WARNING] [Fast Refresh] performing full reload because your application had an unrecoverable error @ webpack-internal:///(pages-dir-browser)/./node_modules/next/dist/client/dev/hot-reloader/pages/hot-reloader-pages.js:347
[   57440ms] [LOG] [Fast Refresh] rebuilding @ webpack-internal:///(pages-dir-browser)/./node_modules/next/dist/client/dev/hot-reloader/pages/hot-reloader-pages.js:206
[   57451ms] [ERROR] Failed to load resource: the server responded with a status of 404 (Not Found) @ http://localhost:3000/_next/static/webpack/cf54367995c4a352.webpack.hot-update.json:0
[   57451ms] [WARNING] [Fast Refresh] performing full reload because your application had an unrecoverable error @ webpack-internal:///(pages-dir-browser)/./node_modules/next/dist/client/dev/hot-reloader/pages/hot-reloader-pages.js:347
[   57692ms] [ERROR] Failed to load resource: the server responded with a status of 500 (Internal Server Error) @ http://localhost:3000/captured-data:0
[   57986ms] [INFO] %cDownload the React DevTools for a better development experience: https://react.dev/link/react-devtools font-weight:bold @ webpack-internal:///(pages-dir-browser)/./node_modules/react-dom/cjs/react-dom-client.development.js:28004
[   57997ms] Error: Cannot find module './611.js'
Require stack:
- /Users/soumanpaul/Desktop/Desk/interview/products/cybershield-web/.next/server/webpack-runtime.js
- /Users/soumanpaul/Desktop/Desk/interview/products/cybershield-web/.next/server/pages/_document.js
- /Users/soumanpaul/Desktop/Desk/interview/products/cybershield-web/node_modules/next/dist/server/require.js
- /Users/soumanpaul/Desktop/Desk/interview/products/cybershield-web/node_modules/next/dist/server/load-components.js
- /Users/soumanpaul/Desktop/Desk/interview/products/cybershield-web/node_modules/next/dist/build/utils.js
- /Users/soumanpaul/Desktop/Desk/interview/products/cybershield-web/node_modules/next/dist/build/swc/options.js
- /Users/soumanpaul/Desktop/Desk/interview/products/cybershield-web/node_modules/next/dist/build/swc/index.js
- /Users/soumanpaul/Desktop/Desk/interview/products/cybershield-web/node_modules/next/dist/build/next-config-ts/transpile-config.js
- /Users/soumanpaul/Desktop/Desk/interview/products/cybershield-web/node_modules/next/dist/server/config.js
- /Users/soumanpaul/Desktop/Desk/interview/products/cybershield-web/node_modules/next/dist/server/next.js
- /Users/soumanpaul/Desktop/Desk/interview/products/cybershield-web/node_modules/next/dist/server/lib/start-server.js
    at Module.<anonymous> (node:internal/modules/cjs/loader:1569:15)
    at <unknown> (file:///Users/soumanpaul/Desktop/Desk/interview/products/cybershield-web/node_modules/next/dist/server/require-hook.js:57:36)
    at wrapResolveFilename (node:internal/modules/cjs/loader:1123:27)
    at defaultResolveImplForCJSLoading (node:internal/modules/cjs/loader:1147:10)
    at defaultResolve (node:internal/modules/cjs/loader:1204:20)
    at nextStep (node:internal/modules/customization_hooks:189:26)
    at He (file:///Users/soumanpaul/Desktop/Desk/interview/products/cybershield-web/node_modules/@tailwindcss/node/dist/index.js:1:1283)
    at nextStep (node:internal/modules/customization_hooks:189:26)
    at resolveWithHooks (node:internal/modules/customization_hooks:417:10)
    at resolveForCJSWithHooks (node:internal/modules/cjs/loader:1217:25)
    at Module._load (node:internal/modules/cjs/loader:1346:5)
    at wrapModuleLoad (node:internal/modules/cjs/loader:261:19)
    at Module.<anonymous> (node:internal/modules/cjs/loader:1679:12)
    at mod.require (file:///Users/soumanpaul/Desktop/Desk/interview/products/cybershield-web/node_modules/next/dist/server/require-hook.js:68:28)
    at require (node:internal/modules/helpers:196:16)
    at __webpack_require__.f.require (file:///Users/soumanpaul/Desktop/Desk/interview/products/cybershield-web/.next/server/webpack-runtime.js:195:28)
    at <unknown> (file:///Users/soumanpaul/Desktop/Desk/interview/products/cybershield-web/.next/server/webpack-runtime.js:103:40)
    at Array.reduce (<anonymous>)
    at __webpack_require__.e (file:///Users/soumanpaul/Desktop/Desk/interview/products/cybershield-web/.next/server/webpack-runtime.js:102:67)
    at Array.map (<anonymous>)
    at __webpack_require__.X (file:///Users/soumanpaul/Desktop/Desk/interview/products/cybershield-web/.next/server/webpack-runtime.js:154:22)
    at <unknown> (file:///Users/soumanpaul/Desktop/Desk/interview/products/cybershield-web/.next/server/pages/_document.js:1:325)
    at Object.<anonymous> (file:///Users/soumanpaul/Desktop/Desk/interview/products/cybershield-web/.next/server/pages/_document.js:1:371)
    at Module._compile (node:internal/modules/cjs/loader:1934:14)
    at Object..js (node:internal/modules/cjs/loader:2074:10)
    at Module.load (node:internal/modules/cjs/loader:1656:32)
    at Module._load (node:internal/modules/cjs/loader:1448:12)
    at wrapModuleLoad (node:internal/modules/cjs/loader:261:19)
    at Module.<anonymous> (node:internal/modules/cjs/loader:1679:12)
    at mod.require (file:///Users/soumanpaul/Desktop/Desk/interview/products/cybershield-web/node_modules/next/dist/server/require-hook.js:68:28)
    at require (node:internal/modules/helpers:196:16)
    at requirePage (file:///Users/soumanpaul/Desktop/Desk/interview/products/cybershield-web/node_modules/next/dist/server/require.js:99:80)
    at loadComponentsImpl (file:///Users/soumanpaul/Desktop/Desk/interview/products/cybershield-web/node_modules/next/dist/server/load-components.js:86:38)
    at DevServer.findPageComponentsImpl (file:///Users/soumanpaul/Desktop/Desk/interview/products/cybershield-web/node_modules/next/dist/server/next-server.js:900:77)
    at <unknown> (file:///Users/soumanpaul/Desktop/Desk/interview/products/cybershield-web/node_modules/next/dist/server/next-server.js:878:21)
    at <unknown> (file:///Users/soumanpaul/Desktop/Desk/interview/products/cybershield-web/node_modules/next/dist/server/lib/trace/tracer.js:184:36)
    at NoopContextManager.with (file:///Users/soumanpaul/Desktop/Desk/interview/products/cybershield-web/node_modules/next/dist/compiled/@opentelemetry/api/index.js:1:7062)
    at ContextAPI.with (file:///Users/soumanpaul/Desktop/Desk/interview/products/cybershield-web/node_modules/next/dist/compiled/@opentelemetry/api/index.js:1:518)
    at NoopTracer.startActiveSpan (file:///Users/soumanpaul/Desktop/Desk/interview/products/cybershield-web/node_modules/next/dist/compiled/@opentelemetry/api/index.js:1:18093)
    at ProxyTracer.startActiveSpan (file:///Users/soumanpaul/Desktop/Desk/interview/products/cybershield-web/node_modules/next/dist/compiled/@opentelemetry/api/index.js:1:18854)
    at <unknown> (file:///Users/soumanpaul/Desktop/Desk/interview/products/cybershield-web/node_modules/next/dist/server/lib/trace/tracer.js:153:103)
    at NoopContextManager.with (file:///Users/soumanpaul/Desktop/Desk/interview/products/cybershield-web/node_modules/next/dist/compiled/@opentelemetry/api/index.js:1:7062)
    at ContextAPI.with (file:///Users/soumanpaul/Desktop/Desk/interview/products/cybershield-web/node_modules/next/dist/compiled/@opentelemetry/api/index.js:1:518)
    at NextTracerImpl.trace (file:///Users/soumanpaul/Desktop/Desk/interview/products/cybershield-web/node_modules/next/dist/server/lib/trace/tracer.js:153:28)
    at DevServer.findPageComponents (file:///Users/soumanpaul/Desktop/Desk/interview/products/cybershield-web/node_modules/next/dist/server/next-server.js:873:41)
    at DevServer.findPageComponents (file:///Users/soumanpaul/Desktop/Desk/interview/products/cybershield-web/node_modules/next/dist/server/dev/next-dev-server.js:706:28)
    at async DevServer.renderErrorToResponseImpl (file:///Users/soumanpaul/Desktop/Desk/interview/products/cybershield-web/node_modules/next/dist/server/base-server.js:1695:26)
    at async pipe.req.req (file:///Users/soumanpaul/Desktop/Desk/interview/products/cybershield-web/node_modules/next/dist/server/base-server.js:1618:30)
    at async DevServer.pipeImpl (file:///Users/soumanpaul/Desktop/Desk/interview/products/cybershield-web/node_modules/next/dist/server/base-server.js:1026:25)
    at async NextNodeServer.handleCatchallRenderRequest (file:///Users/soumanpaul/Desktop/Desk/interview/products/cybershield-web/node_modules/next/dist/server/next-server.js:409:21)
[   58000ms] [LOG] [HMR] connected @ webpack-internal:///(pages-dir-browser)/./node_modules/next/dist/client/dev/hot-reloader/pages/websocket.js:45
[   58005ms] [LOG] [Fast Refresh] rebuilding @ webpack-internal:///(pages-dir-browser)/./node_modules/next/dist/client/dev/hot-reloader/pages/hot-reloader-pages.js:206
[   58136ms] [LOG] [Fast Refresh] rebuilding @ webpack-internal:///(pages-dir-browser)/./node_modules/next/dist/client/dev/hot-reloader/pages/hot-reloader-pages.js:206
[   58147ms] [ERROR] Failed to load resource: the server responded with a status of 404 (Not Found) @ http://localhost:3000/_next/static/webpack/cf54367995c4a352.webpack.hot-update.json:0
[   58147ms] [WARNING] [Fast Refresh] performing full reload because your application had an unrecoverable error @ webpack-internal:///(pages-dir-browser)/./node_modules/next/dist/client/dev/hot-reloader/pages/hot-reloader-pages.js:347
[   58279ms] [LOG] [Fast Refresh] rebuilding @ webpack-internal:///(pages-dir-browser)/./node_modules/next/dist/client/dev/hot-reloader/pages/hot-reloader-pages.js:206
[   58289ms] [ERROR] Failed to load resource: the server responded with a status of 404 (Not Found) @ http://localhost:3000/_next/static/webpack/cf54367995c4a352.webpack.hot-update.json:0
[   58289ms] [WARNING] [Fast Refresh] performing full reload because your application had an unrecoverable error @ webpack-internal:///(pages-dir-browser)/./node_modules/next/dist/client/dev/hot-reloader/pages/hot-reloader-pages.js:347
[   58520ms] [ERROR] Failed to load resource: the server responded with a status of 500 (Internal Server Error) @ http://localhost:3000/captured-data:0
[   58781ms] [INFO] %cDownload the React DevTools for a better development experience: https://react.dev/link/react-devtools font-weight:bold @ webpack-internal:///(pages-dir-browser)/./node_modules/react-dom/cjs/react-dom-client.development.js:28004
[   58791ms] Error: Cannot find module './611.js'
Require stack:
- /Users/soumanpaul/Desktop/Desk/interview/products/cybershield-web/.next/server/webpack-runtime.js
- /Users/soumanpaul/Desktop/Desk/interview/products/cybershield-web/.next/server/pages/_document.js
- /Users/soumanpaul/Desktop/Desk/interview/products/cybershield-web/node_modules/next/dist/server/require.js
- /Users/soumanpaul/Desktop/Desk/interview/products/cybershield-web/node_modules/next/dist/server/load-components.js
- /Users/soumanpaul/Desktop/Desk/interview/products/cybershield-web/node_modules/next/dist/build/utils.js
- /Users/soumanpaul/Desktop/Desk/interview/products/cybershield-web/node_modules/next/dist/build/swc/options.js
- /Users/soumanpaul/Desktop/Desk/interview/products/cybershield-web/node_modules/next/dist/build/swc/index.js
- /Users/soumanpaul/Desktop/Desk/interview/products/cybershield-web/node_modules/next/dist/build/next-config-ts/transpile-config.js
- /Users/soumanpaul/Desktop/Desk/interview/products/cybershield-web/node_modules/next/dist/server/config.js
- /Users/soumanpaul/Desktop/Desk/interview/products/cybershield-web/node_modules/next/dist/server/next.js
- /Users/soumanpaul/Desktop/Desk/interview/products/cybershield-web/node_modules/next/dist/server/lib/start-server.js
    at Module.<anonymous> (node:internal/modules/cjs/loader:1569:15)
    at <unknown> (file:///Users/soumanpaul/Desktop/Desk/interview/products/cybershield-web/node_modules/next/dist/server/require-hook.js:57:36)
    at wrapResolveFilename (node:internal/modules/cjs/loader:1123:27)
    at defaultResolveImplForCJSLoading (node:internal/modules/cjs/loader:1147:10)
    at defaultResolve (node:internal/modules/cjs/loader:1204:20)
    at nextStep (node:internal/modules/customization_hooks:189:26)
    at He (file:///Users/soumanpaul/Desktop/Desk/interview/products/cybershield-web/node_modules/@tailwindcss/node/dist/index.js:1:1283)
    at nextStep (node:internal/modules/customization_hooks:189:26)
    at resolveWithHooks (node:internal/modules/customization_hooks:417:10)
    at resolveForCJSWithHooks (node:internal/modules/cjs/loader:1217:25)
    at Module._load (node:internal/modules/cjs/loader:1346:5)
    at wrapModuleLoad (node:internal/modules/cjs/loader:261:19)
    at Module.<anonymous> (node:internal/modules/cjs/loader:1679:12)
    at mod.require (file:///Users/soumanpaul/Desktop/Desk/interview/products/cybershield-web/node_modules/next/dist/server/require-hook.js:68:28)
    at require (node:internal/modules/helpers:196:16)
    at __webpack_require__.f.require (file:///Users/soumanpaul/Desktop/Desk/interview/products/cybershield-web/.next/server/webpack-runtime.js:195:28)
    at <unknown> (file:///Users/soumanpaul/Desktop/Desk/interview/products/cybershield-web/.next/server/webpack-runtime.js:103:40)
    at Array.reduce (<anonymous>)
    at __webpack_require__.e (file:///Users/soumanpaul/Desktop/Desk/interview/products/cybershield-web/.next/server/webpack-runtime.js:102:67)
    at Array.map (<anonymous>)
    at __webpack_require__.X (file:///Users/soumanpaul/Desktop/Desk/interview/products/cybershield-web/.next/server/webpack-runtime.js:154:22)
    at <unknown> (file:///Users/soumanpaul/Desktop/Desk/interview/products/cybershield-web/.next/server/pages/_document.js:1:325)
    at Object.<anonymous> (file:///Users/soumanpaul/Desktop/Desk/interview/products/cybershield-web/.next/server/pages/_document.js:1:371)
    at Module._compile (node:internal/modules/cjs/loader:1934:14)
    at Object..js (node:internal/modules/cjs/loader:2074:10)
    at Module.load (node:internal/modules/cjs/loader:1656:32)
    at Module._load (node:internal/modules/cjs/loader:1448:12)
    at wrapModuleLoad (node:internal/modules/cjs/loader:261:19)
    at Module.<anonymous> (node:internal/modules/cjs/loader:1679:12)
    at mod.require (file:///Users/soumanpaul/Desktop/Desk/interview/products/cybershield-web/node_modules/next/dist/server/require-hook.js:68:28)
    at require (node:internal/modules/helpers:196:16)
    at requirePage (file:///Users/soumanpaul/Desktop/Desk/interview/products/cybershield-web/node_modules/next/dist/server/require.js:99:80)
    at loadComponentsImpl (file:///Users/soumanpaul/Desktop/Desk/interview/products/cybershield-web/node_modules/next/dist/server/load-components.js:86:38)
    at DevServer.findPageComponentsImpl (file:///Users/soumanpaul/Desktop/Desk/interview/products/cybershield-web/node_modules/next/dist/server/next-server.js:900:77)
    at <unknown> (file:///Users/soumanpaul/Desktop/Desk/interview/products/cybershield-web/node_modules/next/dist/server/next-server.js:878:21)
    at <unknown> (file:///Users/soumanpaul/Desktop/Desk/interview/products/cybershield-web/node_modules/next/dist/server/lib/trace/tracer.js:184:36)
    at NoopContextManager.with (file:///Users/soumanpaul/Desktop/Desk/interview/products/cybershield-web/node_modules/next/dist/compiled/@opentelemetry/api/index.js:1:7062)
    at ContextAPI.with (file:///Users/soumanpaul/Desktop/Desk/interview/products/cybershield-web/node_modules/next/dist/compiled/@opentelemetry/api/index.js:1:518)
    at NoopTracer.startActiveSpan (file:///Users/soumanpaul/Desktop/Desk/interview/products/cybershield-web/node_modules/next/dist/compiled/@opentelemetry/api/index.js:1:18093)
    at ProxyTracer.startActiveSpan (file:///Users/soumanpaul/Desktop/Desk/interview/products/cybershield-web/node_modules/next/dist/compiled/@opentelemetry/api/index.js:1:18854)
    at <unknown> (file:///Users/soumanpaul/Desktop/Desk/interview/products/cybershield-web/node_modules/next/dist/server/lib/trace/tracer.js:153:103)
    at NoopContextManager.with (file:///Users/soumanpaul/Desktop/Desk/interview/products/cybershield-web/node_modules/next/dist/compiled/@opentelemetry/api/index.js:1:7062)
    at ContextAPI.with (file:///Users/soumanpaul/Desktop/Desk/interview/products/cybershield-web/node_modules/next/dist/compiled/@opentelemetry/api/index.js:1:518)
    at NextTracerImpl.trace (file:///Users/soumanpaul/Desktop/Desk/interview/products/cybershield-web/node_modules/next/dist/server/lib/trace/tracer.js:153:28)
    at DevServer.findPageComponents (file:///Users/soumanpaul/Desktop/Desk/interview/products/cybershield-web/node_modules/next/dist/server/next-server.js:873:41)
    at DevServer.findPageComponents (file:///Users/soumanpaul/Desktop/Desk/interview/products/cybershield-web/node_modules/next/dist/server/dev/next-dev-server.js:706:28)
    at async DevServer.renderErrorToResponseImpl (file:///Users/soumanpaul/Desktop/Desk/interview/products/cybershield-web/node_modules/next/dist/server/base-server.js:1695:26)
    at async pipe.req.req (file:///Users/soumanpaul/Desktop/Desk/interview/products/cybershield-web/node_modules/next/dist/server/base-server.js:1618:30)
    at async DevServer.pipeImpl (file:///Users/soumanpaul/Desktop/Desk/interview/products/cybershield-web/node_modules/next/dist/server/base-server.js:1026:25)
    at async NextNodeServer.handleCatchallRenderRequest (file:///Users/soumanpaul/Desktop/Desk/interview/products/cybershield-web/node_modules/next/dist/server/next-server.js:409:21)
[   58792ms] [LOG] [HMR] connected @ webpack-internal:///(pages-dir-browser)/./node_modules/next/dist/client/dev/hot-reloader/pages/websocket.js:45
[   58793ms] [LOG] [Fast Refresh] rebuilding @ webpack-internal:///(pages-dir-browser)/./node_modules/next/dist/client/dev/hot-reloader/pages/hot-reloader-pages.js:206
[   58926ms] [LOG] [Fast Refresh] rebuilding @ webpack-internal:///(pages-dir-browser)/./node_modules/next/dist/client/dev/hot-reloader/pages/hot-reloader-pages.js:206
[   58932ms] [ERROR] Failed to load resource: the server responded with a status of 404 (Not Found) @ http://localhost:3000/_next/static/webpack/cf54367995c4a352.webpack.hot-update.json:0
[   58932ms] [WARNING] [Fast Refresh] performing full reload because your application had an unrecoverable error @ webpack-internal:///(pages-dir-browser)/./node_modules/next/dist/client/dev/hot-reloader/pages/hot-reloader-pages.js:347
[   59059ms] [LOG] [Fast Refresh] rebuilding @ webpack-internal:///(pages-dir-browser)/./node_modules/next/dist/client/dev/hot-reloader/pages/hot-reloader-pages.js:206
[   59073ms] [ERROR] Failed to load resource: the server responded with a status of 404 (Not Found) @ http://localhost:3000/_next/static/webpack/cf54367995c4a352.webpack.hot-update.json:0
[   59073ms] [WARNING] [Fast Refresh] performing full reload because your application had an unrecoverable error @ webpack-internal:///(pages-dir-browser)/./node_modules/next/dist/client/dev/hot-reloader/pages/hot-reloader-pages.js:347
[   59326ms] [ERROR] Failed to load resource: the server responded with a status of 500 (Internal Server Error) @ http://localhost:3000/captured-data:0
[   59612ms] [INFO] %cDownload the React DevTools for a better development experience: https://react.dev/link/react-devtools font-weight:bold @ webpack-internal:///(pages-dir-browser)/./node_modules/react-dom/cjs/react-dom-client.development.js:28004
[   59624ms] Error: Cannot find module './611.js'
Require stack:
- /Users/soumanpaul/Desktop/Desk/interview/products/cybershield-web/.next/server/webpack-runtime.js
- /Users/soumanpaul/Desktop/Desk/interview/products/cybershield-web/.next/server/pages/_document.js
- /Users/soumanpaul/Desktop/Desk/interview/products/cybershield-web/node_modules/next/dist/server/require.js
- /Users/soumanpaul/Desktop/Desk/interview/products/cybershield-web/node_modules/next/dist/server/load-components.js
- /Users/soumanpaul/Desktop/Desk/interview/products/cybershield-web/node_modules/next/dist/build/utils.js
- /Users/soumanpaul/Desktop/Desk/interview/products/cybershield-web/node_modules/next/dist/build/swc/options.js
- /Users/soumanpaul/Desktop/Desk/interview/products/cybershield-web/node_modules/next/dist/build/swc/index.js
- /Users/soumanpaul/Desktop/Desk/interview/products/cybershield-web/node_modules/next/dist/build/next-config-ts/transpile-config.js
- /Users/soumanpaul/Desktop/Desk/interview/products/cybershield-web/node_modules/next/dist/server/config.js
- /Users/soumanpaul/Desktop/Desk/interview/products/cybershield-web/node_modules/next/dist/server/next.js
- /Users/soumanpaul/Desktop/Desk/interview/products/cybershield-web/node_modules/next/dist/server/lib/start-server.js
    at Module.<anonymous> (node:internal/modules/cjs/loader:1569:15)
    at <unknown> (file:///Users/soumanpaul/Desktop/Desk/interview/products/cybershield-web/node_modules/next/dist/server/require-hook.js:57:36)
    at wrapResolveFilename (node:internal/modules/cjs/loader:1123:27)
    at defaultResolveImplForCJSLoading (node:internal/modules/cjs/loader:1147:10)
    at defaultResolve (node:internal/modules/cjs/loader:1204:20)
    at nextStep (node:internal/modules/customization_hooks:189:26)
    at He (file:///Users/soumanpaul/Desktop/Desk/interview/products/cybershield-web/node_modules/@tailwindcss/node/dist/index.js:1:1283)
    at nextStep (node:internal/modules/customization_hooks:189:26)
    at resolveWithHooks (node:internal/modules/customization_hooks:417:10)
    at resolveForCJSWithHooks (node:internal/modules/cjs/loader:1217:25)
    at Module._load (node:internal/modules/cjs/loader:1346:5)
    at wrapModuleLoad (node:internal/modules/cjs/loader:261:19)
    at Module.<anonymous> (node:internal/modules/cjs/loader:1679:12)
    at mod.require (file:///Users/soumanpaul/Desktop/Desk/interview/products/cybershield-web/node_modules/next/dist/server/require-hook.js:68:28)
    at require (node:internal/modules/helpers:196:16)
    at __webpack_require__.f.require (file:///Users/soumanpaul/Desktop/Desk/interview/products/cybershield-web/.next/server/webpack-runtime.js:195:28)
    at <unknown> (file:///Users/soumanpaul/Desktop/Desk/interview/products/cybershield-web/.next/server/webpack-runtime.js:103:40)
    at Array.reduce (<anonymous>)
    at __webpack_require__.e (file:///Users/soumanpaul/Desktop/Desk/interview/products/cybershield-web/.next/server/webpack-runtime.js:102:67)
    at Array.map (<anonymous>)
    at __webpack_require__.X (file:///Users/soumanpaul/Desktop/Desk/interview/products/cybershield-web/.next/server/webpack-runtime.js:154:22)
    at <unknown> (file:///Users/soumanpaul/Desktop/Desk/interview/products/cybershield-web/.next/server/pages/_document.js:1:325)
    at Object.<anonymous> (file:///Users/soumanpaul/Desktop/Desk/interview/products/cybershield-web/.next/server/pages/_document.js:1:371)
    at Module._compile (node:internal/modules/cjs/loader:1934:14)
    at Object..js (node:internal/modules/cjs/loader:2074:10)
    at Module.load (node:internal/modules/cjs/loader:1656:32)
    at Module._load (node:internal/modules/cjs/loader:1448:12)
    at wrapModuleLoad (node:internal/modules/cjs/loader:261:19)
    at Module.<anonymous> (node:internal/modules/cjs/loader:1679:12)
    at mod.require (file:///Users/soumanpaul/Desktop/Desk/interview/products/cybershield-web/node_modules/next/dist/server/require-hook.js:68:28)
    at require (node:internal/modules/helpers:196:16)
    at requirePage (file:///Users/soumanpaul/Desktop/Desk/interview/products/cybershield-web/node_modules/next/dist/server/require.js:99:80)
    at loadComponentsImpl (file:///Users/soumanpaul/Desktop/Desk/interview/products/cybershield-web/node_modules/next/dist/server/load-components.js:86:38)
    at DevServer.findPageComponentsImpl (file:///Users/soumanpaul/Desktop/Desk/interview/products/cybershield-web/node_modules/next/dist/server/next-server.js:900:77)
    at <unknown> (file:///Users/soumanpaul/Desktop/Desk/interview/products/cybershield-web/node_modules/next/dist/server/next-server.js:878:21)
    at <unknown> (file:///Users/soumanpaul/Desktop/Desk/interview/products/cybershield-web/node_modules/next/dist/server/lib/trace/tracer.js:184:36)
    at NoopContextManager.with (file:///Users/soumanpaul/Desktop/Desk/interview/products/cybershield-web/node_modules/next/dist/compiled/@opentelemetry/api/index.js:1:7062)
    at ContextAPI.with (file:///Users/soumanpaul/Desktop/Desk/interview/products/cybershield-web/node_modules/next/dist/compiled/@opentelemetry/api/index.js:1:518)
    at NoopTracer.startActiveSpan (file:///Users/soumanpaul/Desktop/Desk/interview/products/cybershield-web/node_modules/next/dist/compiled/@opentelemetry/api/index.js:1:18093)
    at ProxyTracer.startActiveSpan (file:///Users/soumanpaul/Desktop/Desk/interview/products/cybershield-web/node_modules/next/dist/compiled/@opentelemetry/api/index.js:1:18854)
    at <unknown> (file:///Users/soumanpaul/Desktop/Desk/interview/products/cybershield-web/node_modules/next/dist/server/lib/trace/tracer.js:153:103)
    at NoopContextManager.with (file:///Users/soumanpaul/Desktop/Desk/interview/products/cybershield-web/node_modules/next/dist/compiled/@opentelemetry/api/index.js:1:7062)
    at ContextAPI.with (file:///Users/soumanpaul/Desktop/Desk/interview/products/cybershield-web/node_modules/next/dist/compiled/@opentelemetry/api/index.js:1:518)
    at NextTracerImpl.trace (file:///Users/soumanpaul/Desktop/Desk/interview/products/cybershield-web/node_modules/next/dist/server/lib/trace/tracer.js:153:28)
    at DevServer.findPageComponents (file:///Users/soumanpaul/Desktop/Desk/interview/products/cybershield-web/node_modules/next/dist/server/next-server.js:873:41)
    at DevServer.findPageComponents (file:///Users/soumanpaul/Desktop/Desk/interview/products/cybershield-web/node_modules/next/dist/server/dev/next-dev-server.js:706:28)
    at async DevServer.renderErrorToResponseImpl (file:///Users/soumanpaul/Desktop/Desk/interview/products/cybershield-web/node_modules/next/dist/server/base-server.js:1695:26)
    at async pipe.req.req (file:///Users/soumanpaul/Desktop/Desk/interview/products/cybershield-web/node_modules/next/dist/server/base-server.js:1618:30)
    at async DevServer.pipeImpl (file:///Users/soumanpaul/Desktop/Desk/interview/products/cybershield-web/node_modules/next/dist/server/base-server.js:1026:25)
    at async NextNodeServer.handleCatchallRenderRequest (file:///Users/soumanpaul/Desktop/Desk/interview/products/cybershield-web/node_modules/next/dist/server/next-server.js:409:21)
[   59636ms] [LOG] [HMR] connected @ webpack-internal:///(pages-dir-browser)/./node_modules/next/dist/client/dev/hot-reloader/pages/websocket.js:45
[   59640ms] [LOG] [Fast Refresh] rebuilding @ webpack-internal:///(pages-dir-browser)/./node_modules/next/dist/client/dev/hot-reloader/pages/hot-reloader-pages.js:206
[   59776ms] [LOG] [Fast Refresh] rebuilding @ webpack-internal:///(pages-dir-browser)/./node_modules/next/dist/client/dev/hot-reloader/pages/hot-reloader-pages.js:206
[   59796ms] [ERROR] Failed to load resource: the server responded with a status of 404 (Not Found) @ http://localhost:3000/_next/static/webpack/cf54367995c4a352.webpack.hot-update.json:0
[   59796ms] [WARNING] [Fast Refresh] performing full reload because your application had an unrecoverable error @ webpack-internal:///(pages-dir-browser)/./node_modules/next/dist/client/dev/hot-reloader/pages/hot-reloader-pages.js:347
[   59945ms] [LOG] [Fast Refresh] rebuilding @ webpack-internal:///(pages-dir-browser)/./node_modules/next/dist/client/dev/hot-reloader/pages/hot-reloader-pages.js:206
[   59959ms] [ERROR] Failed to load resource: the server responded with a status of 404 (Not Found) @ http://localhost:3000/_next/static/webpack/cf54367995c4a352.webpack.hot-update.json:0
[   59959ms] [WARNING] [Fast Refresh] performing full reload because your application had an unrecoverable error @ webpack-internal:///(pages-dir-browser)/./node_modules/next/dist/client/dev/hot-reloader/pages/hot-reloader-pages.js:347
[   60192ms] [ERROR] Failed to load resource: the server responded with a status of 500 (Internal Server Error) @ http://localhost:3000/captured-data:0
[   60515ms] [INFO] %cDownload the React DevTools for a better development experience: https://react.dev/link/react-devtools font-weight:bold @ webpack-internal:///(pages-dir-browser)/./node_modules/react-dom/cjs/react-dom-client.development.js:28004
[   60524ms] Error: Cannot find module './611.js'
Require stack:
- /Users/soumanpaul/Desktop/Desk/interview/products/cybershield-web/.next/server/webpack-runtime.js
- /Users/soumanpaul/Desktop/Desk/interview/products/cybershield-web/.next/server/pages/_document.js
- /Users/soumanpaul/Desktop/Desk/interview/products/cybershield-web/node_modules/next/dist/server/require.js
- /Users/soumanpaul/Desktop/Desk/interview/products/cybershield-web/node_modules/next/dist/server/load-components.js
- /Users/soumanpaul/Desktop/Desk/interview/products/cybershield-web/node_modules/next/dist/build/utils.js
- /Users/soumanpaul/Desktop/Desk/interview/products/cybershield-web/node_modules/next/dist/build/swc/options.js
- /Users/soumanpaul/Desktop/Desk/interview/products/cybershield-web/node_modules/next/dist/build/swc/index.js
- /Users/soumanpaul/Desktop/Desk/interview/products/cybershield-web/node_modules/next/dist/build/next-config-ts/transpile-config.js
- /Users/soumanpaul/Desktop/Desk/interview/products/cybershield-web/node_modules/next/dist/server/config.js
- /Users/soumanpaul/Desktop/Desk/interview/products/cybershield-web/node_modules/next/dist/server/next.js
- /Users/soumanpaul/Desktop/Desk/interview/products/cybershield-web/node_modules/next/dist/server/lib/start-server.js
    at Module.<anonymous> (node:internal/modules/cjs/loader:1569:15)
    at <unknown> (file:///Users/soumanpaul/Desktop/Desk/interview/products/cybershield-web/node_modules/next/dist/server/require-hook.js:57:36)
    at wrapResolveFilename (node:internal/modules/cjs/loader:1123:27)
    at defaultResolveImplForCJSLoading (node:internal/modules/cjs/loader:1147:10)
    at defaultResolve (node:internal/modules/cjs/loader:1204:20)
    at nextStep (node:internal/modules/customization_hooks:189:26)
    at He (file:///Users/soumanpaul/Desktop/Desk/interview/products/cybershield-web/node_modules/@tailwindcss/node/dist/index.js:1:1283)
    at nextStep (node:internal/modules/customization_hooks:189:26)
    at resolveWithHooks (node:internal/modules/customization_hooks:417:10)
    at resolveForCJSWithHooks (node:internal/modules/cjs/loader:1217:25)
    at Module._load (node:internal/modules/cjs/loader:1346:5)
    at wrapModuleLoad (node:internal/modules/cjs/loader:261:19)
    at Module.<anonymous> (node:internal/modules/cjs/loader:1679:12)
    at mod.require (file:///Users/soumanpaul/Desktop/Desk/interview/products/cybershield-web/node_modules/next/dist/server/require-hook.js:68:28)
    at require (node:internal/modules/helpers:196:16)
    at __webpack_require__.f.require (file:///Users/soumanpaul/Desktop/Desk/interview/products/cybershield-web/.next/server/webpack-runtime.js:195:28)
    at <unknown> (file:///Users/soumanpaul/Desktop/Desk/interview/products/cybershield-web/.next/server/webpack-runtime.js:103:40)
    at Array.reduce (<anonymous>)
    at __webpack_require__.e (file:///Users/soumanpaul/Desktop/Desk/interview/products/cybershield-web/.next/server/webpack-runtime.js:102:67)
    at Array.map (<anonymous>)
    at __webpack_require__.X (file:///Users/soumanpaul/Desktop/Desk/interview/products/cybershield-web/.next/server/webpack-runtime.js:154:22)
    at <unknown> (file:///Users/soumanpaul/Desktop/Desk/interview/products/cybershield-web/.next/server/pages/_document.js:1:325)
    at Object.<anonymous> (file:///Users/soumanpaul/Desktop/Desk/interview/products/cybershield-web/.next/server/pages/_document.js:1:371)
    at Module._compile (node:internal/modules/cjs/loader:1934:14)
    at Object..js (node:internal/modules/cjs/loader:2074:10)
    at Module.load (node:internal/modules/cjs/loader:1656:32)
    at Module._load (node:internal/modules/cjs/loader:1448:12)
    at wrapModuleLoad (node:internal/modules/cjs/loader:261:19)
    at Module.<anonymous> (node:internal/modules/cjs/loader:1679:12)
    at mod.require (file:///Users/soumanpaul/Desktop/Desk/interview/products/cybershield-web/node_modules/next/dist/server/require-hook.js:68:28)
    at require (node:internal/modules/helpers:196:16)
    at requirePage (file:///Users/soumanpaul/Desktop/Desk/interview/products/cybershield-web/node_modules/next/dist/server/require.js:99:80)
    at loadComponentsImpl (file:///Users/soumanpaul/Desktop/Desk/interview/products/cybershield-web/node_modules/next/dist/server/load-components.js:86:38)
    at DevServer.findPageComponentsImpl (file:///Users/soumanpaul/Desktop/Desk/interview/products/cybershield-web/node_modules/next/dist/server/next-server.js:900:77)
    at <unknown> (file:///Users/soumanpaul/Desktop/Desk/interview/products/cybershield-web/node_modules/next/dist/server/next-server.js:878:21)
    at <unknown> (file:///Users/soumanpaul/Desktop/Desk/interview/products/cybershield-web/node_modules/next/dist/server/lib/trace/tracer.js:184:36)
    at NoopContextManager.with (file:///Users/soumanpaul/Desktop/Desk/interview/products/cybershield-web/node_modules/next/dist/compiled/@opentelemetry/api/index.js:1:7062)
    at ContextAPI.with (file:///Users/soumanpaul/Desktop/Desk/interview/products/cybershield-web/node_modules/next/dist/compiled/@opentelemetry/api/index.js:1:518)
    at NoopTracer.startActiveSpan (file:///Users/soumanpaul/Desktop/Desk/interview/products/cybershield-web/node_modules/next/dist/compiled/@opentelemetry/api/index.js:1:18093)
    at ProxyTracer.startActiveSpan (file:///Users/soumanpaul/Desktop/Desk/interview/products/cybershield-web/node_modules/next/dist/compiled/@opentelemetry/api/index.js:1:18854)
    at <unknown> (file:///Users/soumanpaul/Desktop/Desk/interview/products/cybershield-web/node_modules/next/dist/server/lib/trace/tracer.js:153:103)
    at NoopContextManager.with (file:///Users/soumanpaul/Desktop/Desk/interview/products/cybershield-web/node_modules/next/dist/compiled/@opentelemetry/api/index.js:1:7062)
    at ContextAPI.with (file:///Users/soumanpaul/Desktop/Desk/interview/products/cybershield-web/node_modules/next/dist/compiled/@opentelemetry/api/index.js:1:518)
    at NextTracerImpl.trace (file:///Users/soumanpaul/Desktop/Desk/interview/products/cybershield-web/node_modules/next/dist/server/lib/trace/tracer.js:153:28)
    at DevServer.findPageComponents (file:///Users/soumanpaul/Desktop/Desk/interview/products/cybershield-web/node_modules/next/dist/server/next-server.js:873:41)
    at DevServer.findPageComponents (file:///Users/soumanpaul/Desktop/Desk/interview/products/cybershield-web/node_modules/next/dist/server/dev/next-dev-server.js:706:28)
    at async DevServer.renderErrorToResponseImpl (file:///Users/soumanpaul/Desktop/Desk/interview/products/cybershield-web/node_modules/next/dist/server/base-server.js:1695:26)
    at async pipe.req.req (file:///Users/soumanpaul/Desktop/Desk/interview/products/cybershield-web/node_modules/next/dist/server/base-server.js:1618:30)
    at async DevServer.pipeImpl (file:///Users/soumanpaul/Desktop/Desk/interview/products/cybershield-web/node_modules/next/dist/server/base-server.js:1026:25)
    at async NextNodeServer.handleCatchallRenderRequest (file:///Users/soumanpaul/Desktop/Desk/interview/products/cybershield-web/node_modules/next/dist/server/next-server.js:409:21)
[   60526ms] [LOG] [HMR] connected @ webpack-internal:///(pages-dir-browser)/./node_modules/next/dist/client/dev/hot-reloader/pages/websocket.js:45
[   60526ms] [LOG] [Fast Refresh] rebuilding @ webpack-internal:///(pages-dir-browser)/./node_modules/next/dist/client/dev/hot-reloader/pages/hot-reloader-pages.js:206
[   60727ms] [LOG] [Fast Refresh] rebuilding @ webpack-internal:///(pages-dir-browser)/./node_modules/next/dist/client/dev/hot-reloader/pages/hot-reloader-pages.js:206
[   60751ms] [ERROR] Failed to load resource: the server responded with a status of 404 (Not Found) @ http://localhost:3000/_next/static/webpack/cf54367995c4a352.webpack.hot-update.json:0
[   60751ms] [WARNING] [Fast Refresh] performing full reload because your application had an unrecoverable error @ webpack-internal:///(pages-dir-browser)/./node_modules/next/dist/client/dev/hot-reloader/pages/hot-reloader-pages.js:347
[   60886ms] [LOG] [Fast Refresh] rebuilding @ webpack-internal:///(pages-dir-browser)/./node_modules/next/dist/client/dev/hot-reloader/pages/hot-reloader-pages.js:206
[   60901ms] [ERROR] Failed to load resource: the server responded with a status of 404 (Not Found) @ http://localhost:3000/_next/static/webpack/cf54367995c4a352.webpack.hot-update.json:0
[   60901ms] [WARNING] [Fast Refresh] performing full reload because your application had an unrecoverable error @ webpack-internal:///(pages-dir-browser)/./node_modules/next/dist/client/dev/hot-reloader/pages/hot-reloader-pages.js:347
[   61187ms] [ERROR] Failed to load resource: the server responded with a status of 500 (Internal Server Error) @ http://localhost:3000/captured-data:0
[   61463ms] [INFO] %cDownload the React DevTools for a better development experience: https://react.dev/link/react-devtools font-weight:bold @ webpack-internal:///(pages-dir-browser)/./node_modules/react-dom/cjs/react-dom-client.development.js:28004
[   61481ms] Error: Cannot find module './611.js'
Require stack:
- /Users/soumanpaul/Desktop/Desk/interview/products/cybershield-web/.next/server/webpack-runtime.js
- /Users/soumanpaul/Desktop/Desk/interview/products/cybershield-web/.next/server/pages/_document.js
- /Users/soumanpaul/Desktop/Desk/interview/products/cybershield-web/node_modules/next/dist/server/require.js
- /Users/soumanpaul/Desktop/Desk/interview/products/cybershield-web/node_modules/next/dist/server/load-components.js
- /Users/soumanpaul/Desktop/Desk/interview/products/cybershield-web/node_modules/next/dist/build/utils.js
- /Users/soumanpaul/Desktop/Desk/interview/products/cybershield-web/node_modules/next/dist/build/swc/options.js
- /Users/soumanpaul/Desktop/Desk/interview/products/cybershield-web/node_modules/next/dist/build/swc/index.js
- /Users/soumanpaul/Desktop/Desk/interview/products/cybershield-web/node_modules/next/dist/build/next-config-ts/transpile-config.js
- /Users/soumanpaul/Desktop/Desk/interview/products/cybershield-web/node_modules/next/dist/server/config.js
- /Users/soumanpaul/Desktop/Desk/interview/products/cybershield-web/node_modules/next/dist/server/next.js
- /Users/soumanpaul/Desktop/Desk/interview/products/cybershield-web/node_modules/next/dist/server/lib/start-server.js
    at Module.<anonymous> (node:internal/modules/cjs/loader:1569:15)
    at <unknown> (file:///Users/soumanpaul/Desktop/Desk/interview/products/cybershield-web/node_modules/next/dist/server/require-hook.js:57:36)
    at wrapResolveFilename (node:internal/modules/cjs/loader:1123:27)
    at defaultResolveImplForCJSLoading (node:internal/modules/cjs/loader:1147:10)
    at defaultResolve (node:internal/modules/cjs/loader:1204:20)
    at nextStep (node:internal/modules/customization_hooks:189:26)
    at He (file:///Users/soumanpaul/Desktop/Desk/interview/products/cybershield-web/node_modules/@tailwindcss/node/dist/index.js:1:1283)
    at nextStep (node:internal/modules/customization_hooks:189:26)
    at resolveWithHooks (node:internal/modules/customization_hooks:417:10)
    at resolveForCJSWithHooks (node:internal/modules/cjs/loader:1217:25)
    at Module._load (node:internal/modules/cjs/loader:1346:5)
    at wrapModuleLoad (node:internal/modules/cjs/loader:261:19)
    at Module.<anonymous> (node:internal/modules/cjs/loader:1679:12)
    at mod.require (file:///Users/soumanpaul/Desktop/Desk/interview/products/cybershield-web/node_modules/next/dist/server/require-hook.js:68:28)
    at require (node:internal/modules/helpers:196:16)
    at __webpack_require__.f.require (file:///Users/soumanpaul/Desktop/Desk/interview/products/cybershield-web/.next/server/webpack-runtime.js:195:28)
    at <unknown> (file:///Users/soumanpaul/Desktop/Desk/interview/products/cybershield-web/.next/server/webpack-runtime.js:103:40)
    at Array.reduce (<anonymous>)
    at __webpack_require__.e (file:///Users/soumanpaul/Desktop/Desk/interview/products/cybershield-web/.next/server/webpack-runtime.js:102:67)
    at Array.map (<anonymous>)
    at __webpack_require__.X (file:///Users/soumanpaul/Desktop/Desk/interview/products/cybershield-web/.next/server/webpack-runtime.js:154:22)
    at <unknown> (file:///Users/soumanpaul/Desktop/Desk/interview/products/cybershield-web/.next/server/pages/_document.js:1:325)
    at Object.<anonymous> (file:///Users/soumanpaul/Desktop/Desk/interview/products/cybershield-web/.next/server/pages/_document.js:1:371)
    at Module._compile (node:internal/modules/cjs/loader:1934:14)
    at Object..js (node:internal/modules/cjs/loader:2074:10)
    at Module.load (node:internal/modules/cjs/loader:1656:32)
    at Module._load (node:internal/modules/cjs/loader:1448:12)
    at wrapModuleLoad (node:internal/modules/cjs/loader:261:19)
    at Module.<anonymous> (node:internal/modules/cjs/loader:1679:12)
    at mod.require (file:///Users/soumanpaul/Desktop/Desk/interview/products/cybershield-web/node_modules/next/dist/server/require-hook.js:68:28)
    at require (node:internal/modules/helpers:196:16)
    at requirePage (file:///Users/soumanpaul/Desktop/Desk/interview/products/cybershield-web/node_modules/next/dist/server/require.js:99:80)
    at loadComponentsImpl (file:///Users/soumanpaul/Desktop/Desk/interview/products/cybershield-web/node_modules/next/dist/server/load-components.js:86:38)
    at DevServer.findPageComponentsImpl (file:///Users/soumanpaul/Desktop/Desk/interview/products/cybershield-web/node_modules/next/dist/server/next-server.js:900:77)
    at <unknown> (file:///Users/soumanpaul/Desktop/Desk/interview/products/cybershield-web/node_modules/next/dist/server/next-server.js:878:21)
    at <unknown> (file:///Users/soumanpaul/Desktop/Desk/interview/products/cybershield-web/node_modules/next/dist/server/lib/trace/tracer.js:184:36)
    at NoopContextManager.with (file:///Users/soumanpaul/Desktop/Desk/interview/products/cybershield-web/node_modules/next/dist/compiled/@opentelemetry/api/index.js:1:7062)
    at ContextAPI.with (file:///Users/soumanpaul/Desktop/Desk/interview/products/cybershield-web/node_modules/next/dist/compiled/@opentelemetry/api/index.js:1:518)
    at NoopTracer.startActiveSpan (file:///Users/soumanpaul/Desktop/Desk/interview/products/cybershield-web/node_modules/next/dist/compiled/@opentelemetry/api/index.js:1:18093)
    at ProxyTracer.startActiveSpan (file:///Users/soumanpaul/Desktop/Desk/interview/products/cybershield-web/node_modules/next/dist/compiled/@opentelemetry/api/index.js:1:18854)
    at <unknown> (file:///Users/soumanpaul/Desktop/Desk/interview/products/cybershield-web/node_modules/next/dist/server/lib/trace/tracer.js:153:103)
    at NoopContextManager.with (file:///Users/soumanpaul/Desktop/Desk/interview/products/cybershield-web/node_modules/next/dist/compiled/@opentelemetry/api/index.js:1:7062)
    at ContextAPI.with (file:///Users/soumanpaul/Desktop/Desk/interview/products/cybershield-web/node_modules/next/dist/compiled/@opentelemetry/api/index.js:1:518)
    at NextTracerImpl.trace (file:///Users/soumanpaul/Desktop/Desk/interview/products/cybershield-web/node_modules/next/dist/server/lib/trace/tracer.js:153:28)
    at DevServer.findPageComponents (file:///Users/soumanpaul/Desktop/Desk/interview/products/cybershield-web/node_modules/next/dist/server/next-server.js:873:41)
    at DevServer.findPageComponents (file:///Users/soumanpaul/Desktop/Desk/interview/products/cybershield-web/node_modules/next/dist/server/dev/next-dev-server.js:706:28)
    at async DevServer.renderErrorToResponseImpl (file:///Users/soumanpaul/Desktop/Desk/interview/products/cybershield-web/node_modules/next/dist/server/base-server.js:1695:26)
    at async pipe.req.req (file:///Users/soumanpaul/Desktop/Desk/interview/products/cybershield-web/node_modules/next/dist/server/base-server.js:1618:30)
    at async DevServer.pipeImpl (file:///Users/soumanpaul/Desktop/Desk/interview/products/cybershield-web/node_modules/next/dist/server/base-server.js:1026:25)
    at async NextNodeServer.handleCatchallRenderRequest (file:///Users/soumanpaul/Desktop/Desk/interview/products/cybershield-web/node_modules/next/dist/server/next-server.js:409:21)
[   61493ms] [LOG] [HMR] connected @ webpack-internal:///(pages-dir-browser)/./node_modules/next/dist/client/dev/hot-reloader/pages/websocket.js:45
[   61659ms] [LOG] [Fast Refresh] rebuilding @ webpack-internal:///(pages-dir-browser)/./node_modules/next/dist/client/dev/hot-reloader/pages/hot-reloader-pages.js:206
[   61663ms] [ERROR] Failed to load resource: the server responded with a status of 404 (Not Found) @ http://localhost:3000/_next/static/webpack/cf54367995c4a352.webpack.hot-update.json:0
[   61663ms] [WARNING] [Fast Refresh] performing full reload because your application had an unrecoverable error @ webpack-internal:///(pages-dir-browser)/./node_modules/next/dist/client/dev/hot-reloader/pages/hot-reloader-pages.js:347
[   61797ms] [LOG] [Fast Refresh] rebuilding @ webpack-internal:///(pages-dir-browser)/./node_modules/next/dist/client/dev/hot-reloader/pages/hot-reloader-pages.js:206
[   61807ms] [ERROR] Failed to load resource: the server responded with a status of 404 (Not Found) @ http://localhost:3000/_next/static/webpack/cf54367995c4a352.webpack.hot-update.json:0
[   61807ms] [WARNING] [Fast Refresh] performing full reload because your application had an unrecoverable error @ webpack-internal:///(pages-dir-browser)/./node_modules/next/dist/client/dev/hot-reloader/pages/hot-reloader-pages.js:347
[   62064ms] [ERROR] Failed to load resource: the server responded with a status of 500 (Internal Server Error) @ http://localhost:3000/captured-data:0
[   62523ms] [INFO] %cDownload the React DevTools for a better development experience: https://react.dev/link/react-devtools font-weight:bold @ webpack-internal:///(pages-dir-browser)/./node_modules/react-dom/cjs/react-dom-client.development.js:28004
[   62535ms] Error: Cannot find module './611.js'
Require stack:
- /Users/soumanpaul/Desktop/Desk/interview/products/cybershield-web/.next/server/webpack-runtime.js
- /Users/soumanpaul/Desktop/Desk/interview/products/cybershield-web/.next/server/pages/_document.js
- /Users/soumanpaul/Desktop/Desk/interview/products/cybershield-web/node_modules/next/dist/server/require.js
- /Users/soumanpaul/Desktop/Desk/interview/products/cybershield-web/node_modules/next/dist/server/load-components.js
- /Users/soumanpaul/Desktop/Desk/interview/products/cybershield-web/node_modules/next/dist/build/utils.js
- /Users/soumanpaul/Desktop/Desk/interview/products/cybershield-web/node_modules/next/dist/build/swc/options.js
- /Users/soumanpaul/Desktop/Desk/interview/products/cybershield-web/node_modules/next/dist/build/swc/index.js
- /Users/soumanpaul/Desktop/Desk/interview/products/cybershield-web/node_modules/next/dist/build/next-config-ts/transpile-config.js
- /Users/soumanpaul/Desktop/Desk/interview/products/cybershield-web/node_modules/next/dist/server/config.js
- /Users/soumanpaul/Desktop/Desk/interview/products/cybershield-web/node_modules/next/dist/server/next.js
- /Users/soumanpaul/Desktop/Desk/interview/products/cybershield-web/node_modules/next/dist/server/lib/start-server.js
    at Module.<anonymous> (node:internal/modules/cjs/loader:1569:15)
    at <unknown> (file:///Users/soumanpaul/Desktop/Desk/interview/products/cybershield-web/node_modules/next/dist/server/require-hook.js:57:36)
    at wrapResolveFilename (node:internal/modules/cjs/loader:1123:27)
    at defaultResolveImplForCJSLoading (node:internal/modules/cjs/loader:1147:10)
    at defaultResolve (node:internal/modules/cjs/loader:1204:20)
    at nextStep (node:internal/modules/customization_hooks:189:26)
    at He (file:///Users/soumanpaul/Desktop/Desk/interview/products/cybershield-web/node_modules/@tailwindcss/node/dist/index.js:1:1283)
    at nextStep (node:internal/modules/customization_hooks:189:26)
    at resolveWithHooks (node:internal/modules/customization_hooks:417:10)
    at resolveForCJSWithHooks (node:internal/modules/cjs/loader:1217:25)
    at Module._load (node:internal/modules/cjs/loader:1346:5)
    at wrapModuleLoad (node:internal/modules/cjs/loader:261:19)
    at Module.<anonymous> (node:internal/modules/cjs/loader:1679:12)
    at mod.require (file:///Users/soumanpaul/Desktop/Desk/interview/products/cybershield-web/node_modules/next/dist/server/require-hook.js:68:28)
    at require (node:internal/modules/helpers:196:16)
    at __webpack_require__.f.require (file:///Users/soumanpaul/Desktop/Desk/interview/products/cybershield-web/.next/server/webpack-runtime.js:195:28)
    at <unknown> (file:///Users/soumanpaul/Desktop/Desk/interview/products/cybershield-web/.next/server/webpack-runtime.js:103:40)
    at Array.reduce (<anonymous>)
    at __webpack_require__.e (file:///Users/soumanpaul/Desktop/Desk/interview/products/cybershield-web/.next/server/webpack-runtime.js:102:67)
    at Array.map (<anonymous>)
    at __webpack_require__.X (file:///Users/soumanpaul/Desktop/Desk/interview/products/cybershield-web/.next/server/webpack-runtime.js:154:22)
    at <unknown> (file:///Users/soumanpaul/Desktop/Desk/interview/products/cybershield-web/.next/server/pages/_document.js:1:325)
    at Object.<anonymous> (file:///Users/soumanpaul/Desktop/Desk/interview/products/cybershield-web/.next/server/pages/_document.js:1:371)
    at Module._compile (node:internal/modules/cjs/loader:1934:14)
    at Object..js (node:internal/modules/cjs/loader:2074:10)
    at Module.load (node:internal/modules/cjs/loader:1656:32)
    at Module._load (node:internal/modules/cjs/loader:1448:12)
    at wrapModuleLoad (node:internal/modules/cjs/loader:261:19)
    at Module.<anonymous> (node:internal/modules/cjs/loader:1679:12)
    at mod.require (file:///Users/soumanpaul/Desktop/Desk/interview/products/cybershield-web/node_modules/next/dist/server/require-hook.js:68:28)
    at require (node:internal/modules/helpers:196:16)
    at requirePage (file:///Users/soumanpaul/Desktop/Desk/interview/products/cybershield-web/node_modules/next/dist/server/require.js:99:80)
    at loadComponentsImpl (file:///Users/soumanpaul/Desktop/Desk/interview/products/cybershield-web/node_modules/next/dist/server/load-components.js:86:38)
    at DevServer.findPageComponentsImpl (file:///Users/soumanpaul/Desktop/Desk/interview/products/cybershield-web/node_modules/next/dist/server/next-server.js:900:77)
    at <unknown> (file:///Users/soumanpaul/Desktop/Desk/interview/products/cybershield-web/node_modules/next/dist/server/next-server.js:878:21)
    at <unknown> (file:///Users/soumanpaul/Desktop/Desk/interview/products/cybershield-web/node_modules/next/dist/server/lib/trace/tracer.js:184:36)
    at NoopContextManager.with (file:///Users/soumanpaul/Desktop/Desk/interview/products/cybershield-web/node_modules/next/dist/compiled/@opentelemetry/api/index.js:1:7062)
    at ContextAPI.with (file:///Users/soumanpaul/Desktop/Desk/interview/products/cybershield-web/node_modules/next/dist/compiled/@opentelemetry/api/index.js:1:518)
    at NoopTracer.startActiveSpan (file:///Users/soumanpaul/Desktop/Desk/interview/products/cybershield-web/node_modules/next/dist/compiled/@opentelemetry/api/index.js:1:18093)
    at ProxyTracer.startActiveSpan (file:///Users/soumanpaul/Desktop/Desk/interview/products/cybershield-web/node_modules/next/dist/compiled/@opentelemetry/api/index.js:1:18854)
    at <unknown> (file:///Users/soumanpaul/Desktop/Desk/interview/products/cybershield-web/node_modules/next/dist/server/lib/trace/tracer.js:153:103)
    at NoopContextManager.with (file:///Users/soumanpaul/Desktop/Desk/interview/products/cybershield-web/node_modules/next/dist/compiled/@opentelemetry/api/index.js:1:7062)
    at ContextAPI.with (file:///Users/soumanpaul/Desktop/Desk/interview/products/cybershield-web/node_modules/next/dist/compiled/@opentelemetry/api/index.js:1:518)
    at NextTracerImpl.trace (file:///Users/soumanpaul/Desktop/Desk/interview/products/cybershield-web/node_modules/next/dist/server/lib/trace/tracer.js:153:28)
    at DevServer.findPageComponents (file:///Users/soumanpaul/Desktop/Desk/interview/products/cybershield-web/node_modules/next/dist/server/next-server.js:873:41)
    at DevServer.findPageComponents (file:///Users/soumanpaul/Desktop/Desk/interview/products/cybershield-web/node_modules/next/dist/server/dev/next-dev-server.js:706:28)
    at async DevServer.renderErrorToResponseImpl (file:///Users/soumanpaul/Desktop/Desk/interview/products/cybershield-web/node_modules/next/dist/server/base-server.js:1695:26)
    at async pipe.req.req (file:///Users/soumanpaul/Desktop/Desk/interview/products/cybershield-web/node_modules/next/dist/server/base-server.js:1618:30)
    at async DevServer.pipeImpl (file:///Users/soumanpaul/Desktop/Desk/interview/products/cybershield-web/node_modules/next/dist/server/base-server.js:1026:25)
    at async NextNodeServer.handleCatchallRenderRequest (file:///Users/soumanpaul/Desktop/Desk/interview/products/cybershield-web/node_modules/next/dist/server/next-server.js:409:21)
[   62543ms] [LOG] [HMR] connected @ webpack-internal:///(pages-dir-browser)/./node_modules/next/dist/client/dev/hot-reloader/pages/websocket.js:45
[   62555ms] [LOG] [Fast Refresh] rebuilding @ webpack-internal:///(pages-dir-browser)/./node_modules/next/dist/client/dev/hot-reloader/pages/hot-reloader-pages.js:206
[   62759ms] [LOG] [Fast Refresh] rebuilding @ webpack-internal:///(pages-dir-browser)/./node_modules/next/dist/client/dev/hot-reloader/pages/hot-reloader-pages.js:206
[   62771ms] [ERROR] Failed to load resource: the server responded with a status of 404 (Not Found) @ http://localhost:3000/_next/static/webpack/cf54367995c4a352.webpack.hot-update.json:0
[   62771ms] [WARNING] [Fast Refresh] performing full reload because your application had an unrecoverable error @ webpack-internal:///(pages-dir-browser)/./node_modules/next/dist/client/dev/hot-reloader/pages/hot-reloader-pages.js:347
[   62917ms] [LOG] [Fast Refresh] rebuilding @ webpack-internal:///(pages-dir-browser)/./node_modules/next/dist/client/dev/hot-reloader/pages/hot-reloader-pages.js:206
[   62926ms] [ERROR] Failed to load resource: the server responded with a status of 404 (Not Found) @ http://localhost:3000/_next/static/webpack/cf54367995c4a352.webpack.hot-update.json:0
[   62926ms] [WARNING] [Fast Refresh] performing full reload because your application had an unrecoverable error @ webpack-internal:///(pages-dir-browser)/./node_modules/next/dist/client/dev/hot-reloader/pages/hot-reloader-pages.js:347
[   63137ms] [ERROR] Failed to load resource: the server responded with a status of 500 (Internal Server Error) @ http://localhost:3000/captured-data:0
[   63458ms] [INFO] %cDownload the React DevTools for a better development experience: https://react.dev/link/react-devtools font-weight:bold @ webpack-internal:///(pages-dir-browser)/./node_modules/react-dom/cjs/react-dom-client.development.js:28004
[   63624ms] Error: Cannot find module './611.js'
Require stack:
- /Users/soumanpaul/Desktop/Desk/interview/products/cybershield-web/.next/server/webpack-runtime.js
- /Users/soumanpaul/Desktop/Desk/interview/products/cybershield-web/.next/server/pages/_document.js
- /Users/soumanpaul/Desktop/Desk/interview/products/cybershield-web/node_modules/next/dist/server/require.js
- /Users/soumanpaul/Desktop/Desk/interview/products/cybershield-web/node_modules/next/dist/server/load-components.js
- /Users/soumanpaul/Desktop/Desk/interview/products/cybershield-web/node_modules/next/dist/build/utils.js
- /Users/soumanpaul/Desktop/Desk/interview/products/cybershield-web/node_modules/next/dist/build/swc/options.js
- /Users/soumanpaul/Desktop/Desk/interview/products/cybershield-web/node_modules/next/dist/build/swc/index.js
- /Users/soumanpaul/Desktop/Desk/interview/products/cybershield-web/node_modules/next/dist/build/next-config-ts/transpile-config.js
- /Users/soumanpaul/Desktop/Desk/interview/products/cybershield-web/node_modules/next/dist/server/config.js
- /Users/soumanpaul/Desktop/Desk/interview/products/cybershield-web/node_modules/next/dist/server/next.js
- /Users/soumanpaul/Desktop/Desk/interview/products/cybershield-web/node_modules/next/dist/server/lib/start-server.js
    at Module.<anonymous> (node:internal/modules/cjs/loader:1569:15)
    at <unknown> (file:///Users/soumanpaul/Desktop/Desk/interview/products/cybershield-web/node_modules/next/dist/server/require-hook.js:57:36)
    at wrapResolveFilename (node:internal/modules/cjs/loader:1123:27)
    at defaultResolveImplForCJSLoading (node:internal/modules/cjs/loader:1147:10)
    at defaultResolve (node:internal/modules/cjs/loader:1204:20)
    at nextStep (node:internal/modules/customization_hooks:189:26)
    at He (file:///Users/soumanpaul/Desktop/Desk/interview/products/cybershield-web/node_modules/@tailwindcss/node/dist/index.js:1:1283)
    at nextStep (node:internal/modules/customization_hooks:189:26)
    at resolveWithHooks (node:internal/modules/customization_hooks:417:10)
    at resolveForCJSWithHooks (node:internal/modules/cjs/loader:1217:25)
    at Module._load (node:internal/modules/cjs/loader:1346:5)
    at wrapModuleLoad (node:internal/modules/cjs/loader:261:19)
    at Module.<anonymous> (node:internal/modules/cjs/loader:1679:12)
    at mod.require (file:///Users/soumanpaul/Desktop/Desk/interview/products/cybershield-web/node_modules/next/dist/server/require-hook.js:68:28)
    at require (node:internal/modules/helpers:196:16)
    at __webpack_require__.f.require (file:///Users/soumanpaul/Desktop/Desk/interview/products/cybershield-web/.next/server/webpack-runtime.js:195:28)
    at <unknown> (file:///Users/soumanpaul/Desktop/Desk/interview/products/cybershield-web/.next/server/webpack-runtime.js:103:40)
    at Array.reduce (<anonymous>)
    at __webpack_require__.e (file:///Users/soumanpaul/Desktop/Desk/interview/products/cybershield-web/.next/server/webpack-runtime.js:102:67)
    at Array.map (<anonymous>)
    at __webpack_require__.X (file:///Users/soumanpaul/Desktop/Desk/interview/products/cybershield-web/.next/server/webpack-runtime.js:154:22)
    at <unknown> (file:///Users/soumanpaul/Desktop/Desk/interview/products/cybershield-web/.next/server/pages/_document.js:1:325)
    at Object.<anonymous> (file:///Users/soumanpaul/Desktop/Desk/interview/products/cybershield-web/.next/server/pages/_document.js:1:371)
    at Module._compile (node:internal/modules/cjs/loader:1934:14)
    at Object..js (node:internal/modules/cjs/loader:2074:10)
    at Module.load (node:internal/modules/cjs/loader:1656:32)
    at Module._load (node:internal/modules/cjs/loader:1448:12)
    at wrapModuleLoad (node:internal/modules/cjs/loader:261:19)
    at Module.<anonymous> (node:internal/modules/cjs/loader:1679:12)
    at mod.require (file:///Users/soumanpaul/Desktop/Desk/interview/products/cybershield-web/node_modules/next/dist/server/require-hook.js:68:28)
    at require (node:internal/modules/helpers:196:16)
    at requirePage (file:///Users/soumanpaul/Desktop/Desk/interview/products/cybershield-web/node_modules/next/dist/server/require.js:99:80)
    at loadComponentsImpl (file:///Users/soumanpaul/Desktop/Desk/interview/products/cybershield-web/node_modules/next/dist/server/load-components.js:86:38)
    at DevServer.findPageComponentsImpl (file:///Users/soumanpaul/Desktop/Desk/interview/products/cybershield-web/node_modules/next/dist/server/next-server.js:900:77)
    at <unknown> (file:///Users/soumanpaul/Desktop/Desk/interview/products/cybershield-web/node_modules/next/dist/server/next-server.js:878:21)
    at <unknown> (file:///Users/soumanpaul/Desktop/Desk/interview/products/cybershield-web/node_modules/next/dist/server/lib/trace/tracer.js:184:36)
    at NoopContextManager.with (file:///Users/soumanpaul/Desktop/Desk/interview/products/cybershield-web/node_modules/next/dist/compiled/@opentelemetry/api/index.js:1:7062)
    at ContextAPI.with (file:///Users/soumanpaul/Desktop/Desk/interview/products/cybershield-web/node_modules/next/dist/compiled/@opentelemetry/api/index.js:1:518)
    at NoopTracer.startActiveSpan (file:///Users/soumanpaul/Desktop/Desk/interview/products/cybershield-web/node_modules/next/dist/compiled/@opentelemetry/api/index.js:1:18093)
    at ProxyTracer.startActiveSpan (file:///Users/soumanpaul/Desktop/Desk/interview/products/cybershield-web/node_modules/next/dist/compiled/@opentelemetry/api/index.js:1:18854)
    at <unknown> (file:///Users/soumanpaul/Desktop/Desk/interview/products/cybershield-web/node_modules/next/dist/server/lib/trace/tracer.js:153:103)
    at NoopContextManager.with (file:///Users/soumanpaul/Desktop/Desk/interview/products/cybershield-web/node_modules/next/dist/compiled/@opentelemetry/api/index.js:1:7062)
    at ContextAPI.with (file:///Users/soumanpaul/Desktop/Desk/interview/products/cybershield-web/node_modules/next/dist/compiled/@opentelemetry/api/index.js:1:518)
    at NextTracerImpl.trace (file:///Users/soumanpaul/Desktop/Desk/interview/products/cybershield-web/node_modules/next/dist/server/lib/trace/tracer.js:153:28)
    at DevServer.findPageComponents (file:///Users/soumanpaul/Desktop/Desk/interview/products/cybershield-web/node_modules/next/dist/server/next-server.js:873:41)
    at DevServer.findPageComponents (file:///Users/soumanpaul/Desktop/Desk/interview/products/cybershield-web/node_modules/next/dist/server/dev/next-dev-server.js:706:28)
    at async DevServer.renderErrorToResponseImpl (file:///Users/soumanpaul/Desktop/Desk/interview/products/cybershield-web/node_modules/next/dist/server/base-server.js:1695:26)
    at async pipe.req.req (file:///Users/soumanpaul/Desktop/Desk/interview/products/cybershield-web/node_modules/next/dist/server/base-server.js:1618:30)
    at async DevServer.pipeImpl (file:///Users/soumanpaul/Desktop/Desk/interview/products/cybershield-web/node_modules/next/dist/server/base-server.js:1026:25)
    at async NextNodeServer.handleCatchallRenderRequest (file:///Users/soumanpaul/Desktop/Desk/interview/products/cybershield-web/node_modules/next/dist/server/next-server.js:409:21)
[   63673ms] [LOG] [HMR] connected @ webpack-internal:///(pages-dir-browser)/./node_modules/next/dist/client/dev/hot-reloader/pages/websocket.js:45
[   63676ms] [LOG] [Fast Refresh] rebuilding @ webpack-internal:///(pages-dir-browser)/./node_modules/next/dist/client/dev/hot-reloader/pages/hot-reloader-pages.js:206
[   64024ms] [LOG] [Fast Refresh] rebuilding @ webpack-internal:///(pages-dir-browser)/./node_modules/next/dist/client/dev/hot-reloader/pages/hot-reloader-pages.js:206
[   64061ms] [ERROR] Failed to load resource: the server responded with a status of 404 (Not Found) @ http://localhost:3000/_next/static/webpack/cf54367995c4a352.webpack.hot-update.json:0
[   64061ms] [WARNING] [Fast Refresh] performing full reload because your application had an unrecoverable error @ webpack-internal:///(pages-dir-browser)/./node_modules/next/dist/client/dev/hot-reloader/pages/hot-reloader-pages.js:347
[   64229ms] [LOG] [Fast Refresh] rebuilding @ webpack-internal:///(pages-dir-browser)/./node_modules/next/dist/client/dev/hot-reloader/pages/hot-reloader-pages.js:206
[   64247ms] [ERROR] Failed to load resource: the server responded with a status of 404 (Not Found) @ http://localhost:3000/_next/static/webpack/cf54367995c4a352.webpack.hot-update.json:0
[   64247ms] [WARNING] [Fast Refresh] performing full reload because your application had an unrecoverable error @ webpack-internal:///(pages-dir-browser)/./node_modules/next/dist/client/dev/hot-reloader/pages/hot-reloader-pages.js:347
[   64539ms] [ERROR] Failed to load resource: the server responded with a status of 500 (Internal Server Error) @ http://localhost:3000/captured-data:0
[   64868ms] [INFO] %cDownload the React DevTools for a better development experience: https://react.dev/link/react-devtools font-weight:bold @ webpack-internal:///(pages-dir-browser)/./node_modules/react-dom/cjs/react-dom-client.development.js:28004
[   64881ms] Error: Cannot find module './611.js'
Require stack:
- /Users/soumanpaul/Desktop/Desk/interview/products/cybershield-web/.next/server/webpack-runtime.js
- /Users/soumanpaul/Desktop/Desk/interview/products/cybershield-web/.next/server/pages/_document.js
- /Users/soumanpaul/Desktop/Desk/interview/products/cybershield-web/node_modules/next/dist/server/require.js
- /Users/soumanpaul/Desktop/Desk/interview/products/cybershield-web/node_modules/next/dist/server/load-components.js
- /Users/soumanpaul/Desktop/Desk/interview/products/cybershield-web/node_modules/next/dist/build/utils.js
- /Users/soumanpaul/Desktop/Desk/interview/products/cybershield-web/node_modules/next/dist/build/swc/options.js
- /Users/soumanpaul/Desktop/Desk/interview/products/cybershield-web/node_modules/next/dist/build/swc/index.js
- /Users/soumanpaul/Desktop/Desk/interview/products/cybershield-web/node_modules/next/dist/build/next-config-ts/transpile-config.js
- /Users/soumanpaul/Desktop/Desk/interview/products/cybershield-web/node_modules/next/dist/server/config.js
- /Users/soumanpaul/Desktop/Desk/interview/products/cybershield-web/node_modules/next/dist/server/next.js
- /Users/soumanpaul/Desktop/Desk/interview/products/cybershield-web/node_modules/next/dist/server/lib/start-server.js
    at Module.<anonymous> (node:internal/modules/cjs/loader:1569:15)
    at <unknown> (file:///Users/soumanpaul/Desktop/Desk/interview/products/cybershield-web/node_modules/next/dist/server/require-hook.js:57:36)
    at wrapResolveFilename (node:internal/modules/cjs/loader:1123:27)
    at defaultResolveImplForCJSLoading (node:internal/modules/cjs/loader:1147:10)
    at defaultResolve (node:internal/modules/cjs/loader:1204:20)
    at nextStep (node:internal/modules/customization_hooks:189:26)
    at He (file:///Users/soumanpaul/Desktop/Desk/interview/products/cybershield-web/node_modules/@tailwindcss/node/dist/index.js:1:1283)
    at nextStep (node:internal/modules/customization_hooks:189:26)
    at resolveWithHooks (node:internal/modules/customization_hooks:417:10)
    at resolveForCJSWithHooks (node:internal/modules/cjs/loader:1217:25)
    at Module._load (node:internal/modules/cjs/loader:1346:5)
    at wrapModuleLoad (node:internal/modules/cjs/loader:261:19)
    at Module.<anonymous> (node:internal/modules/cjs/loader:1679:12)
    at mod.require (file:///Users/soumanpaul/Desktop/Desk/interview/products/cybershield-web/node_modules/next/dist/server/require-hook.js:68:28)
    at require (node:internal/modules/helpers:196:16)
    at __webpack_require__.f.require (file:///Users/soumanpaul/Desktop/Desk/interview/products/cybershield-web/.next/server/webpack-runtime.js:195:28)
    at <unknown> (file:///Users/soumanpaul/Desktop/Desk/interview/products/cybershield-web/.next/server/webpack-runtime.js:103:40)
    at Array.reduce (<anonymous>)
    at __webpack_require__.e (file:///Users/soumanpaul/Desktop/Desk/interview/products/cybershield-web/.next/server/webpack-runtime.js:102:67)
    at Array.map (<anonymous>)
    at __webpack_require__.X (file:///Users/soumanpaul/Desktop/Desk/interview/products/cybershield-web/.next/server/webpack-runtime.js:154:22)
    at <unknown> (file:///Users/soumanpaul/Desktop/Desk/interview/products/cybershield-web/.next/server/pages/_document.js:1:325)
    at Object.<anonymous> (file:///Users/soumanpaul/Desktop/Desk/interview/products/cybershield-web/.next/server/pages/_document.js:1:371)
    at Module._compile (node:internal/modules/cjs/loader:1934:14)
    at Object..js (node:internal/modules/cjs/loader:2074:10)
    at Module.load (node:internal/modules/cjs/loader:1656:32)
    at Module._load (node:internal/modules/cjs/loader:1448:12)
    at wrapModuleLoad (node:internal/modules/cjs/loader:261:19)
    at Module.<anonymous> (node:internal/modules/cjs/loader:1679:12)
    at mod.require (file:///Users/soumanpaul/Desktop/Desk/interview/products/cybershield-web/node_modules/next/dist/server/require-hook.js:68:28)
    at require (node:internal/modules/helpers:196:16)
    at requirePage (file:///Users/soumanpaul/Desktop/Desk/interview/products/cybershield-web/node_modules/next/dist/server/require.js:99:80)
    at loadComponentsImpl (file:///Users/soumanpaul/Desktop/Desk/interview/products/cybershield-web/node_modules/next/dist/server/load-components.js:86:38)
    at DevServer.findPageComponentsImpl (file:///Users/soumanpaul/Desktop/Desk/interview/products/cybershield-web/node_modules/next/dist/server/next-server.js:900:77)
    at <unknown> (file:///Users/soumanpaul/Desktop/Desk/interview/products/cybershield-web/node_modules/next/dist/server/next-server.js:878:21)
    at <unknown> (file:///Users/soumanpaul/Desktop/Desk/interview/products/cybershield-web/node_modules/next/dist/server/lib/trace/tracer.js:184:36)
    at NoopContextManager.with (file:///Users/soumanpaul/Desktop/Desk/interview/products/cybershield-web/node_modules/next/dist/compiled/@opentelemetry/api/index.js:1:7062)
    at ContextAPI.with (file:///Users/soumanpaul/Desktop/Desk/interview/products/cybershield-web/node_modules/next/dist/compiled/@opentelemetry/api/index.js:1:518)
    at NoopTracer.startActiveSpan (file:///Users/soumanpaul/Desktop/Desk/interview/products/cybershield-web/node_modules/next/dist/compiled/@opentelemetry/api/index.js:1:18093)
    at ProxyTracer.startActiveSpan (file:///Users/soumanpaul/Desktop/Desk/interview/products/cybershield-web/node_modules/next/dist/compiled/@opentelemetry/api/index.js:1:18854)
    at <unknown> (file:///Users/soumanpaul/Desktop/Desk/interview/products/cybershield-web/node_modules/next/dist/server/lib/trace/tracer.js:153:103)
    at NoopContextManager.with (file:///Users/soumanpaul/Desktop/Desk/interview/products/cybershield-web/node_modules/next/dist/compiled/@opentelemetry/api/index.js:1:7062)
    at ContextAPI.with (file:///Users/soumanpaul/Desktop/Desk/interview/products/cybershield-web/node_modules/next/dist/compiled/@opentelemetry/api/index.js:1:518)
    at NextTracerImpl.trace (file:///Users/soumanpaul/Desktop/Desk/interview/products/cybershield-web/node_modules/next/dist/server/lib/trace/tracer.js:153:28)
    at DevServer.findPageComponents (file:///Users/soumanpaul/Desktop/Desk/interview/products/cybershield-web/node_modules/next/dist/server/next-server.js:873:41)
    at DevServer.findPageComponents (file:///Users/soumanpaul/Desktop/Desk/interview/products/cybershield-web/node_modules/next/dist/server/dev/next-dev-server.js:706:28)
    at async DevServer.renderErrorToResponseImpl (file:///Users/soumanpaul/Desktop/Desk/interview/products/cybershield-web/node_modules/next/dist/server/base-server.js:1695:26)
    at async pipe.req.req (file:///Users/soumanpaul/Desktop/Desk/interview/products/cybershield-web/node_modules/next/dist/server/base-server.js:1618:30)
    at async DevServer.pipeImpl (file:///Users/soumanpaul/Desktop/Desk/interview/products/cybershield-web/node_modules/next/dist/server/base-server.js:1026:25)
    at async NextNodeServer.handleCatchallRenderRequest (file:///Users/soumanpaul/Desktop/Desk/interview/products/cybershield-web/node_modules/next/dist/server/next-server.js:409:21)
[   64885ms] [LOG] [HMR] connected @ webpack-internal:///(pages-dir-browser)/./node_modules/next/dist/client/dev/hot-reloader/pages/websocket.js:45
[   64912ms] [LOG] [Fast Refresh] rebuilding @ webpack-internal:///(pages-dir-browser)/./node_modules/next/dist/client/dev/hot-reloader/pages/hot-reloader-pages.js:206
[   65139ms] [LOG] [Fast Refresh] rebuilding @ webpack-internal:///(pages-dir-browser)/./node_modules/next/dist/client/dev/hot-reloader/pages/hot-reloader-pages.js:206
[   65162ms] [ERROR] Failed to load resource: the server responded with a status of 404 (Not Found) @ http://localhost:3000/_next/static/webpack/cf54367995c4a352.webpack.hot-update.json:0
[   65162ms] [WARNING] [Fast Refresh] performing full reload because your application had an unrecoverable error @ webpack-internal:///(pages-dir-browser)/./node_modules/next/dist/client/dev/hot-reloader/pages/hot-reloader-pages.js:347
[   65339ms] [LOG] [Fast Refresh] rebuilding @ webpack-internal:///(pages-dir-browser)/./node_modules/next/dist/client/dev/hot-reloader/pages/hot-reloader-pages.js:206
[   65352ms] [ERROR] Failed to load resource: the server responded with a status of 404 (Not Found) @ http://localhost:3000/_next/static/webpack/cf54367995c4a352.webpack.hot-update.json:0
[   65353ms] [WARNING] [Fast Refresh] performing full reload because your application had an unrecoverable error @ webpack-internal:///(pages-dir-browser)/./node_modules/next/dist/client/dev/hot-reloader/pages/hot-reloader-pages.js:347
[   65964ms] [ERROR] Failed to load resource: the server responded with a status of 500 (Internal Server Error) @ http://localhost:3000/captured-data:0
[   66379ms] [INFO] %cDownload the React DevTools for a better development experience: https://react.dev/link/react-devtools font-weight:bold @ webpack-internal:///(pages-dir-browser)/./node_modules/react-dom/cjs/react-dom-client.development.js:28004
[   66398ms] Error: Cannot find module './611.js'
Require stack:
- /Users/soumanpaul/Desktop/Desk/interview/products/cybershield-web/.next/server/webpack-runtime.js
- /Users/soumanpaul/Desktop/Desk/interview/products/cybershield-web/.next/server/pages/_document.js
- /Users/soumanpaul/Desktop/Desk/interview/products/cybershield-web/node_modules/next/dist/server/require.js
- /Users/soumanpaul/Desktop/Desk/interview/products/cybershield-web/node_modules/next/dist/server/load-components.js
- /Users/soumanpaul/Desktop/Desk/interview/products/cybershield-web/node_modules/next/dist/build/utils.js
- /Users/soumanpaul/Desktop/Desk/interview/products/cybershield-web/node_modules/next/dist/build/swc/options.js
- /Users/soumanpaul/Desktop/Desk/interview/products/cybershield-web/node_modules/next/dist/build/swc/index.js
- /Users/soumanpaul/Desktop/Desk/interview/products/cybershield-web/node_modules/next/dist/build/next-config-ts/transpile-config.js
- /Users/soumanpaul/Desktop/Desk/interview/products/cybershield-web/node_modules/next/dist/server/config.js
- /Users/soumanpaul/Desktop/Desk/interview/products/cybershield-web/node_modules/next/dist/server/next.js
- /Users/soumanpaul/Desktop/Desk/interview/products/cybershield-web/node_modules/next/dist/server/lib/start-server.js
    at Module.<anonymous> (node:internal/modules/cjs/loader:1569:15)
    at <unknown> (file:///Users/soumanpaul/Desktop/Desk/interview/products/cybershield-web/node_modules/next/dist/server/require-hook.js:57:36)
    at wrapResolveFilename (node:internal/modules/cjs/loader:1123:27)
    at defaultResolveImplForCJSLoading (node:internal/modules/cjs/loader:1147:10)
    at defaultResolve (node:internal/modules/cjs/loader:1204:20)
    at nextStep (node:internal/modules/customization_hooks:189:26)
    at He (file:///Users/soumanpaul/Desktop/Desk/interview/products/cybershield-web/node_modules/@tailwindcss/node/dist/index.js:1:1283)
    at nextStep (node:internal/modules/customization_hooks:189:26)
    at resolveWithHooks (node:internal/modules/customization_hooks:417:10)
    at resolveForCJSWithHooks (node:internal/modules/cjs/loader:1217:25)
    at Module._load (node:internal/modules/cjs/loader:1346:5)
    at wrapModuleLoad (node:internal/modules/cjs/loader:261:19)
    at Module.<anonymous> (node:internal/modules/cjs/loader:1679:12)
    at mod.require (file:///Users/soumanpaul/Desktop/Desk/interview/products/cybershield-web/node_modules/next/dist/server/require-hook.js:68:28)
    at require (node:internal/modules/helpers:196:16)
    at __webpack_require__.f.require (file:///Users/soumanpaul/Desktop/Desk/interview/products/cybershield-web/.next/server/webpack-runtime.js:195:28)
    at <unknown> (file:///Users/soumanpaul/Desktop/Desk/interview/products/cybershield-web/.next/server/webpack-runtime.js:103:40)
    at Array.reduce (<anonymous>)
    at __webpack_require__.e (file:///Users/soumanpaul/Desktop/Desk/interview/products/cybershield-web/.next/server/webpack-runtime.js:102:67)
    at Array.map (<anonymous>)
    at __webpack_require__.X (file:///Users/soumanpaul/Desktop/Desk/interview/products/cybershield-web/.next/server/webpack-runtime.js:154:22)
    at <unknown> (file:///Users/soumanpaul/Desktop/Desk/interview/products/cybershield-web/.next/server/pages/_document.js:1:325)
    at Object.<anonymous> (file:///Users/soumanpaul/Desktop/Desk/interview/products/cybershield-web/.next/server/pages/_document.js:1:371)
    at Module._compile (node:internal/modules/cjs/loader:1934:14)
    at Object..js (node:internal/modules/cjs/loader:2074:10)
    at Module.load (node:internal/modules/cjs/loader:1656:32)
    at Module._load (node:internal/modules/cjs/loader:1448:12)
    at wrapModuleLoad (node:internal/modules/cjs/loader:261:19)
    at Module.<anonymous> (node:internal/modules/cjs/loader:1679:12)
    at mod.require (file:///Users/soumanpaul/Desktop/Desk/interview/products/cybershield-web/node_modules/next/dist/server/require-hook.js:68:28)
    at require (node:internal/modules/helpers:196:16)
    at requirePage (file:///Users/soumanpaul/Desktop/Desk/interview/products/cybershield-web/node_modules/next/dist/server/require.js:99:80)
    at loadComponentsImpl (file:///Users/soumanpaul/Desktop/Desk/interview/products/cybershield-web/node_modules/next/dist/server/load-components.js:86:38)
    at DevServer.findPageComponentsImpl (file:///Users/soumanpaul/Desktop/Desk/interview/products/cybershield-web/node_modules/next/dist/server/next-server.js:900:77)
    at <unknown> (file:///Users/soumanpaul/Desktop/Desk/interview/products/cybershield-web/node_modules/next/dist/server/next-server.js:878:21)
    at <unknown> (file:///Users/soumanpaul/Desktop/Desk/interview/products/cybershield-web/node_modules/next/dist/server/lib/trace/tracer.js:184:36)
    at NoopContextManager.with (file:///Users/soumanpaul/Desktop/Desk/interview/products/cybershield-web/node_modules/next/dist/compiled/@opentelemetry/api/index.js:1:7062)
    at ContextAPI.with (file:///Users/soumanpaul/Desktop/Desk/interview/products/cybershield-web/node_modules/next/dist/compiled/@opentelemetry/api/index.js:1:518)
    at NoopTracer.startActiveSpan (file:///Users/soumanpaul/Desktop/Desk/interview/products/cybershield-web/node_modules/next/dist/compiled/@opentelemetry/api/index.js:1:18093)
    at ProxyTracer.startActiveSpan (file:///Users/soumanpaul/Desktop/Desk/interview/products/cybershield-web/node_modules/next/dist/compiled/@opentelemetry/api/index.js:1:18854)
    at <unknown> (file:///Users/soumanpaul/Desktop/Desk/interview/products/cybershield-web/node_modules/next/dist/server/lib/trace/tracer.js:153:103)
    at NoopContextManager.with (file:///Users/soumanpaul/Desktop/Desk/interview/products/cybershield-web/node_modules/next/dist/compiled/@opentelemetry/api/index.js:1:7062)
    at ContextAPI.with (file:///Users/soumanpaul/Desktop/Desk/interview/products/cybershield-web/node_modules/next/dist/compiled/@opentelemetry/api/index.js:1:518)
    at NextTracerImpl.trace (file:///Users/soumanpaul/Desktop/Desk/interview/products/cybershield-web/node_modules/next/dist/server/lib/trace/tracer.js:153:28)
    at DevServer.findPageComponents (file:///Users/soumanpaul/Desktop/Desk/interview/products/cybershield-web/node_modules/next/dist/server/next-server.js:873:41)
    at DevServer.findPageComponents (file:///Users/soumanpaul/Desktop/Desk/interview/products/cybershield-web/node_modules/next/dist/server/dev/next-dev-server.js:706:28)
    at async DevServer.renderErrorToResponseImpl (file:///Users/soumanpaul/Desktop/Desk/interview/products/cybershield-web/node_modules/next/dist/server/base-server.js:1695:26)
    at async pipe.req.req (file:///Users/soumanpaul/Desktop/Desk/interview/products/cybershield-web/node_modules/next/dist/server/base-server.js:1618:30)
    at async DevServer.pipeImpl (file:///Users/soumanpaul/Desktop/Desk/interview/products/cybershield-web/node_modules/next/dist/server/base-server.js:1026:25)
    at async NextNodeServer.handleCatchallRenderRequest (file:///Users/soumanpaul/Desktop/Desk/interview/products/cybershield-web/node_modules/next/dist/server/next-server.js:409:21)
[   66410ms] [LOG] [HMR] connected @ webpack-internal:///(pages-dir-browser)/./node_modules/next/dist/client/dev/hot-reloader/pages/websocket.js:45
[   66420ms] [LOG] [Fast Refresh] rebuilding @ webpack-internal:///(pages-dir-browser)/./node_modules/next/dist/client/dev/hot-reloader/pages/hot-reloader-pages.js:206
[   66607ms] [LOG] [Fast Refresh] rebuilding @ webpack-internal:///(pages-dir-browser)/./node_modules/next/dist/client/dev/hot-reloader/pages/hot-reloader-pages.js:206
[   66622ms] [ERROR] Failed to load resource: the server responded with a status of 404 (Not Found) @ http://localhost:3000/_next/static/webpack/cf54367995c4a352.webpack.hot-update.json:0
[   66622ms] [WARNING] [Fast Refresh] performing full reload because your application had an unrecoverable error @ webpack-internal:///(pages-dir-browser)/./node_modules/next/dist/client/dev/hot-reloader/pages/hot-reloader-pages.js:347
[   66853ms] [LOG] [Fast Refresh] rebuilding @ webpack-internal:///(pages-dir-browser)/./node_modules/next/dist/client/dev/hot-reloader/pages/hot-reloader-pages.js:206
[   66867ms] [ERROR] Failed to load resource: the server responded with a status of 404 (Not Found) @ http://localhost:3000/_next/static/webpack/cf54367995c4a352.webpack.hot-update.json:0
[   66867ms] [WARNING] [Fast Refresh] performing full reload because your application had an unrecoverable error @ webpack-internal:///(pages-dir-browser)/./node_modules/next/dist/client/dev/hot-reloader/pages/hot-reloader-pages.js:347
[   67090ms] [ERROR] Failed to load resource: the server responded with a status of 500 (Internal Server Error) @ http://localhost:3000/captured-data:0
[   67424ms] [INFO] %cDownload the React DevTools for a better development experience: https://react.dev/link/react-devtools font-weight:bold @ webpack-internal:///(pages-dir-browser)/./node_modules/react-dom/cjs/react-dom-client.development.js:28004
[   67433ms] Error: Cannot find module './611.js'
Require stack:
- /Users/soumanpaul/Desktop/Desk/interview/products/cybershield-web/.next/server/webpack-runtime.js
- /Users/soumanpaul/Desktop/Desk/interview/products/cybershield-web/.next/server/pages/_document.js
- /Users/soumanpaul/Desktop/Desk/interview/products/cybershield-web/node_modules/next/dist/server/require.js
- /Users/soumanpaul/Desktop/Desk/interview/products/cybershield-web/node_modules/next/dist/server/load-components.js
- /Users/soumanpaul/Desktop/Desk/interview/products/cybershield-web/node_modules/next/dist/build/utils.js
- /Users/soumanpaul/Desktop/Desk/interview/products/cybershield-web/node_modules/next/dist/build/swc/options.js
- /Users/soumanpaul/Desktop/Desk/interview/products/cybershield-web/node_modules/next/dist/build/swc/index.js
- /Users/soumanpaul/Desktop/Desk/interview/products/cybershield-web/node_modules/next/dist/build/next-config-ts/transpile-config.js
- /Users/soumanpaul/Desktop/Desk/interview/products/cybershield-web/node_modules/next/dist/server/config.js
- /Users/soumanpaul/Desktop/Desk/interview/products/cybershield-web/node_modules/next/dist/server/next.js
- /Users/soumanpaul/Desktop/Desk/interview/products/cybershield-web/node_modules/next/dist/server/lib/start-server.js
    at Module.<anonymous> (node:internal/modules/cjs/loader:1569:15)
    at <unknown> (file:///Users/soumanpaul/Desktop/Desk/interview/products/cybershield-web/node_modules/next/dist/server/require-hook.js:57:36)
    at wrapResolveFilename (node:internal/modules/cjs/loader:1123:27)
    at defaultResolveImplForCJSLoading (node:internal/modules/cjs/loader:1147:10)
    at defaultResolve (node:internal/modules/cjs/loader:1204:20)
    at nextStep (node:internal/modules/customization_hooks:189:26)
    at He (file:///Users/soumanpaul/Desktop/Desk/interview/products/cybershield-web/node_modules/@tailwindcss/node/dist/index.js:1:1283)
    at nextStep (node:internal/modules/customization_hooks:189:26)
    at resolveWithHooks (node:internal/modules/customization_hooks:417:10)
    at resolveForCJSWithHooks (node:internal/modules/cjs/loader:1217:25)
    at Module._load (node:internal/modules/cjs/loader:1346:5)
    at wrapModuleLoad (node:internal/modules/cjs/loader:261:19)
    at Module.<anonymous> (node:internal/modules/cjs/loader:1679:12)
    at mod.require (file:///Users/soumanpaul/Desktop/Desk/interview/products/cybershield-web/node_modules/next/dist/server/require-hook.js:68:28)
    at require (node:internal/modules/helpers:196:16)
    at __webpack_require__.f.require (file:///Users/soumanpaul/Desktop/Desk/interview/products/cybershield-web/.next/server/webpack-runtime.js:195:28)
    at <unknown> (file:///Users/soumanpaul/Desktop/Desk/interview/products/cybershield-web/.next/server/webpack-runtime.js:103:40)
    at Array.reduce (<anonymous>)
    at __webpack_require__.e (file:///Users/soumanpaul/Desktop/Desk/interview/products/cybershield-web/.next/server/webpack-runtime.js:102:67)
    at Array.map (<anonymous>)
    at __webpack_require__.X (file:///Users/soumanpaul/Desktop/Desk/interview/products/cybershield-web/.next/server/webpack-runtime.js:154:22)
    at <unknown> (file:///Users/soumanpaul/Desktop/Desk/interview/products/cybershield-web/.next/server/pages/_document.js:1:325)
    at Object.<anonymous> (file:///Users/soumanpaul/Desktop/Desk/interview/products/cybershield-web/.next/server/pages/_document.js:1:371)
    at Module._compile (node:internal/modules/cjs/loader:1934:14)
    at Object..js (node:internal/modules/cjs/loader:2074:10)
    at Module.load (node:internal/modules/cjs/loader:1656:32)
    at Module._load (node:internal/modules/cjs/loader:1448:12)
    at wrapModuleLoad (node:internal/modules/cjs/loader:261:19)
    at Module.<anonymous> (node:internal/modules/cjs/loader:1679:12)
    at mod.require (file:///Users/soumanpaul/Desktop/Desk/interview/products/cybershield-web/node_modules/next/dist/server/require-hook.js:68:28)
    at require (node:internal/modules/helpers:196:16)
    at requirePage (file:///Users/soumanpaul/Desktop/Desk/interview/products/cybershield-web/node_modules/next/dist/server/require.js:99:80)
    at loadComponentsImpl (file:///Users/soumanpaul/Desktop/Desk/interview/products/cybershield-web/node_modules/next/dist/server/load-components.js:86:38)
    at DevServer.findPageComponentsImpl (file:///Users/soumanpaul/Desktop/Desk/interview/products/cybershield-web/node_modules/next/dist/server/next-server.js:900:77)
    at <unknown> (file:///Users/soumanpaul/Desktop/Desk/interview/products/cybershield-web/node_modules/next/dist/server/next-server.js:878:21)
    at <unknown> (file:///Users/soumanpaul/Desktop/Desk/interview/products/cybershield-web/node_modules/next/dist/server/lib/trace/tracer.js:184:36)
    at NoopContextManager.with (file:///Users/soumanpaul/Desktop/Desk/interview/products/cybershield-web/node_modules/next/dist/compiled/@opentelemetry/api/index.js:1:7062)
    at ContextAPI.with (file:///Users/soumanpaul/Desktop/Desk/interview/products/cybershield-web/node_modules/next/dist/compiled/@opentelemetry/api/index.js:1:518)
    at NoopTracer.startActiveSpan (file:///Users/soumanpaul/Desktop/Desk/interview/products/cybershield-web/node_modules/next/dist/compiled/@opentelemetry/api/index.js:1:18093)
    at ProxyTracer.startActiveSpan (file:///Users/soumanpaul/Desktop/Desk/interview/products/cybershield-web/node_modules/next/dist/compiled/@opentelemetry/api/index.js:1:18854)
    at <unknown> (file:///Users/soumanpaul/Desktop/Desk/interview/products/cybershield-web/node_modules/next/dist/server/lib/trace/tracer.js:153:103)
    at NoopContextManager.with (file:///Users/soumanpaul/Desktop/Desk/interview/products/cybershield-web/node_modules/next/dist/compiled/@opentelemetry/api/index.js:1:7062)
    at ContextAPI.with (file:///Users/soumanpaul/Desktop/Desk/interview/products/cybershield-web/node_modules/next/dist/compiled/@opentelemetry/api/index.js:1:518)
    at NextTracerImpl.trace (file:///Users/soumanpaul/Desktop/Desk/interview/products/cybershield-web/node_modules/next/dist/server/lib/trace/tracer.js:153:28)
    at DevServer.findPageComponents (file:///Users/soumanpaul/Desktop/Desk/interview/products/cybershield-web/node_modules/next/dist/server/next-server.js:873:41)
    at DevServer.findPageComponents (file:///Users/soumanpaul/Desktop/Desk/interview/products/cybershield-web/node_modules/next/dist/server/dev/next-dev-server.js:706:28)
    at async DevServer.renderErrorToResponseImpl (file:///Users/soumanpaul/Desktop/Desk/interview/products/cybershield-web/node_modules/next/dist/server/base-server.js:1695:26)
    at async pipe.req.req (file:///Users/soumanpaul/Desktop/Desk/interview/products/cybershield-web/node_modules/next/dist/server/base-server.js:1618:30)
    at async DevServer.pipeImpl (file:///Users/soumanpaul/Desktop/Desk/interview/products/cybershield-web/node_modules/next/dist/server/base-server.js:1026:25)
    at async NextNodeServer.handleCatchallRenderRequest (file:///Users/soumanpaul/Desktop/Desk/interview/products/cybershield-web/node_modules/next/dist/server/next-server.js:409:21)
[   67436ms] [LOG] [HMR] connected @ webpack-internal:///(pages-dir-browser)/./node_modules/next/dist/client/dev/hot-reloader/pages/websocket.js:45
[   67437ms] [LOG] [Fast Refresh] rebuilding @ webpack-internal:///(pages-dir-browser)/./node_modules/next/dist/client/dev/hot-reloader/pages/hot-reloader-pages.js:206
[   67602ms] [LOG] [Fast Refresh] rebuilding @ webpack-internal:///(pages-dir-browser)/./node_modules/next/dist/client/dev/hot-reloader/pages/hot-reloader-pages.js:206
[   67608ms] [ERROR] Failed to load resource: the server responded with a status of 404 (Not Found) @ http://localhost:3000/_next/static/webpack/cf54367995c4a352.webpack.hot-update.json:0
[   67608ms] [WARNING] [Fast Refresh] performing full reload because your application had an unrecoverable error @ webpack-internal:///(pages-dir-browser)/./node_modules/next/dist/client/dev/hot-reloader/pages/hot-reloader-pages.js:347
[   67751ms] [LOG] [Fast Refresh] rebuilding @ webpack-internal:///(pages-dir-browser)/./node_modules/next/dist/client/dev/hot-reloader/pages/hot-reloader-pages.js:206
[   67768ms] [ERROR] Failed to load resource: the server responded with a status of 404 (Not Found) @ http://localhost:3000/_next/static/webpack/cf54367995c4a352.webpack.hot-update.json:0
[   67768ms] [WARNING] [Fast Refresh] performing full reload because your application had an unrecoverable error @ webpack-internal:///(pages-dir-browser)/./node_modules/next/dist/client/dev/hot-reloader/pages/hot-reloader-pages.js:347
[   68499ms] [ERROR] Failed to load resource: the server responded with a status of 500 (Internal Server Error) @ http://localhost:3000/captured-data:0
[   68796ms] [INFO] %cDownload the React DevTools for a better development experience: https://react.dev/link/react-devtools font-weight:bold @ webpack-internal:///(pages-dir-browser)/./node_modules/react-dom/cjs/react-dom-client.development.js:28004
[   68806ms] Error: Cannot find module './611.js'
Require stack:
- /Users/soumanpaul/Desktop/Desk/interview/products/cybershield-web/.next/server/webpack-runtime.js
- /Users/soumanpaul/Desktop/Desk/interview/products/cybershield-web/.next/server/pages/_document.js
- /Users/soumanpaul/Desktop/Desk/interview/products/cybershield-web/node_modules/next/dist/server/require.js
- /Users/soumanpaul/Desktop/Desk/interview/products/cybershield-web/node_modules/next/dist/server/load-components.js
- /Users/soumanpaul/Desktop/Desk/interview/products/cybershield-web/node_modules/next/dist/build/utils.js
- /Users/soumanpaul/Desktop/Desk/interview/products/cybershield-web/node_modules/next/dist/build/swc/options.js
- /Users/soumanpaul/Desktop/Desk/interview/products/cybershield-web/node_modules/next/dist/build/swc/index.js
- /Users/soumanpaul/Desktop/Desk/interview/products/cybershield-web/node_modules/next/dist/build/next-config-ts/transpile-config.js
- /Users/soumanpaul/Desktop/Desk/interview/products/cybershield-web/node_modules/next/dist/server/config.js
- /Users/soumanpaul/Desktop/Desk/interview/products/cybershield-web/node_modules/next/dist/server/next.js
- /Users/soumanpaul/Desktop/Desk/interview/products/cybershield-web/node_modules/next/dist/server/lib/start-server.js
    at Module.<anonymous> (node:internal/modules/cjs/loader:1569:15)
    at <unknown> (file:///Users/soumanpaul/Desktop/Desk/interview/products/cybershield-web/node_modules/next/dist/server/require-hook.js:57:36)
    at wrapResolveFilename (node:internal/modules/cjs/loader:1123:27)
    at defaultResolveImplForCJSLoading (node:internal/modules/cjs/loader:1147:10)
    at defaultResolve (node:internal/modules/cjs/loader:1204:20)
    at nextStep (node:internal/modules/customization_hooks:189:26)
    at He (file:///Users/soumanpaul/Desktop/Desk/interview/products/cybershield-web/node_modules/@tailwindcss/node/dist/index.js:1:1283)
    at nextStep (node:internal/modules/customization_hooks:189:26)
    at resolveWithHooks (node:internal/modules/customization_hooks:417:10)
    at resolveForCJSWithHooks (node:internal/modules/cjs/loader:1217:25)
    at Module._load (node:internal/modules/cjs/loader:1346:5)
    at wrapModuleLoad (node:internal/modules/cjs/loader:261:19)
    at Module.<anonymous> (node:internal/modules/cjs/loader:1679:12)
    at mod.require (file:///Users/soumanpaul/Desktop/Desk/interview/products/cybershield-web/node_modules/next/dist/server/require-hook.js:68:28)
    at require (node:internal/modules/helpers:196:16)
    at __webpack_require__.f.require (file:///Users/soumanpaul/Desktop/Desk/interview/products/cybershield-web/.next/server/webpack-runtime.js:195:28)
    at <unknown> (file:///Users/soumanpaul/Desktop/Desk/interview/products/cybershield-web/.next/server/webpack-runtime.js:103:40)
    at Array.reduce (<anonymous>)
    at __webpack_require__.e (file:///Users/soumanpaul/Desktop/Desk/interview/products/cybershield-web/.next/server/webpack-runtime.js:102:67)
    at Array.map (<anonymous>)
    at __webpack_require__.X (file:///Users/soumanpaul/Desktop/Desk/interview/products/cybershield-web/.next/server/webpack-runtime.js:154:22)
    at <unknown> (file:///Users/soumanpaul/Desktop/Desk/interview/products/cybershield-web/.next/server/pages/_document.js:1:325)
    at Object.<anonymous> (file:///Users/soumanpaul/Desktop/Desk/interview/products/cybershield-web/.next/server/pages/_document.js:1:371)
    at Module._compile (node:internal/modules/cjs/loader:1934:14)
    at Object..js (node:internal/modules/cjs/loader:2074:10)
    at Module.load (node:internal/modules/cjs/loader:1656:32)
    at Module._load (node:internal/modules/cjs/loader:1448:12)
    at wrapModuleLoad (node:internal/modules/cjs/loader:261:19)
    at Module.<anonymous> (node:internal/modules/cjs/loader:1679:12)
    at mod.require (file:///Users/soumanpaul/Desktop/Desk/interview/products/cybershield-web/node_modules/next/dist/server/require-hook.js:68:28)
    at require (node:internal/modules/helpers:196:16)
    at requirePage (file:///Users/soumanpaul/Desktop/Desk/interview/products/cybershield-web/node_modules/next/dist/server/require.js:99:80)
    at loadComponentsImpl (file:///Users/soumanpaul/Desktop/Desk/interview/products/cybershield-web/node_modules/next/dist/server/load-components.js:86:38)
    at DevServer.findPageComponentsImpl (file:///Users/soumanpaul/Desktop/Desk/interview/products/cybershield-web/node_modules/next/dist/server/next-server.js:900:77)
    at <unknown> (file:///Users/soumanpaul/Desktop/Desk/interview/products/cybershield-web/node_modules/next/dist/server/next-server.js:878:21)
    at <unknown> (file:///Users/soumanpaul/Desktop/Desk/interview/products/cybershield-web/node_modules/next/dist/server/lib/trace/tracer.js:184:36)
    at NoopContextManager.with (file:///Users/soumanpaul/Desktop/Desk/interview/products/cybershield-web/node_modules/next/dist/compiled/@opentelemetry/api/index.js:1:7062)
    at ContextAPI.with (file:///Users/soumanpaul/Desktop/Desk/interview/products/cybershield-web/node_modules/next/dist/compiled/@opentelemetry/api/index.js:1:518)
    at NoopTracer.startActiveSpan (file:///Users/soumanpaul/Desktop/Desk/interview/products/cybershield-web/node_modules/next/dist/compiled/@opentelemetry/api/index.js:1:18093)
    at ProxyTracer.startActiveSpan (file:///Users/soumanpaul/Desktop/Desk/interview/products/cybershield-web/node_modules/next/dist/compiled/@opentelemetry/api/index.js:1:18854)
    at <unknown> (file:///Users/soumanpaul/Desktop/Desk/interview/products/cybershield-web/node_modules/next/dist/server/lib/trace/tracer.js:153:103)
    at NoopContextManager.with (file:///Users/soumanpaul/Desktop/Desk/interview/products/cybershield-web/node_modules/next/dist/compiled/@opentelemetry/api/index.js:1:7062)
    at ContextAPI.with (file:///Users/soumanpaul/Desktop/Desk/interview/products/cybershield-web/node_modules/next/dist/compiled/@opentelemetry/api/index.js:1:518)
    at NextTracerImpl.trace (file:///Users/soumanpaul/Desktop/Desk/interview/products/cybershield-web/node_modules/next/dist/server/lib/trace/tracer.js:153:28)
    at DevServer.findPageComponents (file:///Users/soumanpaul/Desktop/Desk/interview/products/cybershield-web/node_modules/next/dist/server/next-server.js:873:41)
    at DevServer.findPageComponents (file:///Users/soumanpaul/Desktop/Desk/interview/products/cybershield-web/node_modules/next/dist/server/dev/next-dev-server.js:706:28)
    at async DevServer.renderErrorToResponseImpl (file:///Users/soumanpaul/Desktop/Desk/interview/products/cybershield-web/node_modules/next/dist/server/base-server.js:1695:26)
    at async pipe.req.req (file:///Users/soumanpaul/Desktop/Desk/interview/products/cybershield-web/node_modules/next/dist/server/base-server.js:1618:30)
    at async DevServer.pipeImpl (file:///Users/soumanpaul/Desktop/Desk/interview/products/cybershield-web/node_modules/next/dist/server/base-server.js:1026:25)
    at async NextNodeServer.handleCatchallRenderRequest (file:///Users/soumanpaul/Desktop/Desk/interview/products/cybershield-web/node_modules/next/dist/server/next-server.js:409:21)
[   68817ms] [LOG] [HMR] connected @ webpack-internal:///(pages-dir-browser)/./node_modules/next/dist/client/dev/hot-reloader/pages/websocket.js:45
[   68823ms] [LOG] [Fast Refresh] rebuilding @ webpack-internal:///(pages-dir-browser)/./node_modules/next/dist/client/dev/hot-reloader/pages/hot-reloader-pages.js:206
[   69021ms] [LOG] [Fast Refresh] rebuilding @ webpack-internal:///(pages-dir-browser)/./node_modules/next/dist/client/dev/hot-reloader/pages/hot-reloader-pages.js:206
[   69032ms] [ERROR] Failed to load resource: the server responded with a status of 404 (Not Found) @ http://localhost:3000/_next/static/webpack/cf54367995c4a352.webpack.hot-update.json:0
[   69032ms] [WARNING] [Fast Refresh] performing full reload because your application had an unrecoverable error @ webpack-internal:///(pages-dir-browser)/./node_modules/next/dist/client/dev/hot-reloader/pages/hot-reloader-pages.js:347
[   69195ms] [LOG] [Fast Refresh] rebuilding @ webpack-internal:///(pages-dir-browser)/./node_modules/next/dist/client/dev/hot-reloader/pages/hot-reloader-pages.js:206
[   69207ms] [ERROR] Failed to load resource: the server responded with a status of 404 (Not Found) @ http://localhost:3000/_next/static/webpack/cf54367995c4a352.webpack.hot-update.json:0
[   69208ms] [WARNING] [Fast Refresh] performing full reload because your application had an unrecoverable error @ webpack-internal:///(pages-dir-browser)/./node_modules/next/dist/client/dev/hot-reloader/pages/hot-reloader-pages.js:347
[   69471ms] [ERROR] Failed to load resource: the server responded with a status of 500 (Internal Server Error) @ http://localhost:3000/captured-data:0
[   69786ms] [INFO] %cDownload the React DevTools for a better development experience: https://react.dev/link/react-devtools font-weight:bold @ webpack-internal:///(pages-dir-browser)/./node_modules/react-dom/cjs/react-dom-client.development.js:28004
[   69798ms] Error: Cannot find module './611.js'
Require stack:
- /Users/soumanpaul/Desktop/Desk/interview/products/cybershield-web/.next/server/webpack-runtime.js
- /Users/soumanpaul/Desktop/Desk/interview/products/cybershield-web/.next/server/pages/_document.js
- /Users/soumanpaul/Desktop/Desk/interview/products/cybershield-web/node_modules/next/dist/server/require.js
- /Users/soumanpaul/Desktop/Desk/interview/products/cybershield-web/node_modules/next/dist/server/load-components.js
- /Users/soumanpaul/Desktop/Desk/interview/products/cybershield-web/node_modules/next/dist/build/utils.js
- /Users/soumanpaul/Desktop/Desk/interview/products/cybershield-web/node_modules/next/dist/build/swc/options.js
- /Users/soumanpaul/Desktop/Desk/interview/products/cybershield-web/node_modules/next/dist/build/swc/index.js
- /Users/soumanpaul/Desktop/Desk/interview/products/cybershield-web/node_modules/next/dist/build/next-config-ts/transpile-config.js
- /Users/soumanpaul/Desktop/Desk/interview/products/cybershield-web/node_modules/next/dist/server/config.js
- /Users/soumanpaul/Desktop/Desk/interview/products/cybershield-web/node_modules/next/dist/server/next.js
- /Users/soumanpaul/Desktop/Desk/interview/products/cybershield-web/node_modules/next/dist/server/lib/start-server.js
    at Module.<anonymous> (node:internal/modules/cjs/loader:1569:15)
    at <unknown> (file:///Users/soumanpaul/Desktop/Desk/interview/products/cybershield-web/node_modules/next/dist/server/require-hook.js:57:36)
    at wrapResolveFilename (node:internal/modules/cjs/loader:1123:27)
    at defaultResolveImplForCJSLoading (node:internal/modules/cjs/loader:1147:10)
    at defaultResolve (node:internal/modules/cjs/loader:1204:20)
    at nextStep (node:internal/modules/customization_hooks:189:26)
    at He (file:///Users/soumanpaul/Desktop/Desk/interview/products/cybershield-web/node_modules/@tailwindcss/node/dist/index.js:1:1283)
    at nextStep (node:internal/modules/customization_hooks:189:26)
    at resolveWithHooks (node:internal/modules/customization_hooks:417:10)
    at resolveForCJSWithHooks (node:internal/modules/cjs/loader:1217:25)
    at Module._load (node:internal/modules/cjs/loader:1346:5)
    at wrapModuleLoad (node:internal/modules/cjs/loader:261:19)
    at Module.<anonymous> (node:internal/modules/cjs/loader:1679:12)
    at mod.require (file:///Users/soumanpaul/Desktop/Desk/interview/products/cybershield-web/node_modules/next/dist/server/require-hook.js:68:28)
    at require (node:internal/modules/helpers:196:16)
    at __webpack_require__.f.require (file:///Users/soumanpaul/Desktop/Desk/interview/products/cybershield-web/.next/server/webpack-runtime.js:195:28)
    at <unknown> (file:///Users/soumanpaul/Desktop/Desk/interview/products/cybershield-web/.next/server/webpack-runtime.js:103:40)
    at Array.reduce (<anonymous>)
    at __webpack_require__.e (file:///Users/soumanpaul/Desktop/Desk/interview/products/cybershield-web/.next/server/webpack-runtime.js:102:67)
    at Array.map (<anonymous>)
    at __webpack_require__.X (file:///Users/soumanpaul/Desktop/Desk/interview/products/cybershield-web/.next/server/webpack-runtime.js:154:22)
    at <unknown> (file:///Users/soumanpaul/Desktop/Desk/interview/products/cybershield-web/.next/server/pages/_document.js:1:325)
    at Object.<anonymous> (file:///Users/soumanpaul/Desktop/Desk/interview/products/cybershield-web/.next/server/pages/_document.js:1:371)
    at Module._compile (node:internal/modules/cjs/loader:1934:14)
    at Object..js (node:internal/modules/cjs/loader:2074:10)
    at Module.load (node:internal/modules/cjs/loader:1656:32)
    at Module._load (node:internal/modules/cjs/loader:1448:12)
    at wrapModuleLoad (node:internal/modules/cjs/loader:261:19)
    at Module.<anonymous> (node:internal/modules/cjs/loader:1679:12)
    at mod.require (file:///Users/soumanpaul/Desktop/Desk/interview/products/cybershield-web/node_modules/next/dist/server/require-hook.js:68:28)
    at require (node:internal/modules/helpers:196:16)
    at requirePage (file:///Users/soumanpaul/Desktop/Desk/interview/products/cybershield-web/node_modules/next/dist/server/require.js:99:80)
    at loadComponentsImpl (file:///Users/soumanpaul/Desktop/Desk/interview/products/cybershield-web/node_modules/next/dist/server/load-components.js:86:38)
    at DevServer.findPageComponentsImpl (file:///Users/soumanpaul/Desktop/Desk/interview/products/cybershield-web/node_modules/next/dist/server/next-server.js:900:77)
    at <unknown> (file:///Users/soumanpaul/Desktop/Desk/interview/products/cybershield-web/node_modules/next/dist/server/next-server.js:878:21)
    at <unknown> (file:///Users/soumanpaul/Desktop/Desk/interview/products/cybershield-web/node_modules/next/dist/server/lib/trace/tracer.js:184:36)
    at NoopContextManager.with (file:///Users/soumanpaul/Desktop/Desk/interview/products/cybershield-web/node_modules/next/dist/compiled/@opentelemetry/api/index.js:1:7062)
    at ContextAPI.with (file:///Users/soumanpaul/Desktop/Desk/interview/products/cybershield-web/node_modules/next/dist/compiled/@opentelemetry/api/index.js:1:518)
    at NoopTracer.startActiveSpan (file:///Users/soumanpaul/Desktop/Desk/interview/products/cybershield-web/node_modules/next/dist/compiled/@opentelemetry/api/index.js:1:18093)
    at ProxyTracer.startActiveSpan (file:///Users/soumanpaul/Desktop/Desk/interview/products/cybershield-web/node_modules/next/dist/compiled/@opentelemetry/api/index.js:1:18854)
    at <unknown> (file:///Users/soumanpaul/Desktop/Desk/interview/products/cybershield-web/node_modules/next/dist/server/lib/trace/tracer.js:153:103)
    at NoopContextManager.with (file:///Users/soumanpaul/Desktop/Desk/interview/products/cybershield-web/node_modules/next/dist/compiled/@opentelemetry/api/index.js:1:7062)
    at ContextAPI.with (file:///Users/soumanpaul/Desktop/Desk/interview/products/cybershield-web/node_modules/next/dist/compiled/@opentelemetry/api/index.js:1:518)
    at NextTracerImpl.trace (file:///Users/soumanpaul/Desktop/Desk/interview/products/cybershield-web/node_modules/next/dist/server/lib/trace/tracer.js:153:28)
    at DevServer.findPageComponents (file:///Users/soumanpaul/Desktop/Desk/interview/products/cybershield-web/node_modules/next/dist/server/next-server.js:873:41)
    at DevServer.findPageComponents (file:///Users/soumanpaul/Desktop/Desk/interview/products/cybershield-web/node_modules/next/dist/server/dev/next-dev-server.js:706:28)
    at async DevServer.renderErrorToResponseImpl (file:///Users/soumanpaul/Desktop/Desk/interview/products/cybershield-web/node_modules/next/dist/server/base-server.js:1695:26)
    at async pipe.req.req (file:///Users/soumanpaul/Desktop/Desk/interview/products/cybershield-web/node_modules/next/dist/server/base-server.js:1618:30)
    at async DevServer.pipeImpl (file:///Users/soumanpaul/Desktop/Desk/interview/products/cybershield-web/node_modules/next/dist/server/base-server.js:1026:25)
    at async NextNodeServer.handleCatchallRenderRequest (file:///Users/soumanpaul/Desktop/Desk/interview/products/cybershield-web/node_modules/next/dist/server/next-server.js:409:21)
[   69804ms] [LOG] [HMR] connected @ webpack-internal:///(pages-dir-browser)/./node_modules/next/dist/client/dev/hot-reloader/pages/websocket.js:45
[   69810ms] [LOG] [Fast Refresh] rebuilding @ webpack-internal:///(pages-dir-browser)/./node_modules/next/dist/client/dev/hot-reloader/pages/hot-reloader-pages.js:206
[   70070ms] [LOG] [Fast Refresh] rebuilding @ webpack-internal:///(pages-dir-browser)/./node_modules/next/dist/client/dev/hot-reloader/pages/hot-reloader-pages.js:206
[   70082ms] [ERROR] Failed to load resource: the server responded with a status of 404 (Not Found) @ http://localhost:3000/_next/static/webpack/cf54367995c4a352.webpack.hot-update.json:0
[   70082ms] [WARNING] [Fast Refresh] performing full reload because your application had an unrecoverable error @ webpack-internal:///(pages-dir-browser)/./node_modules/next/dist/client/dev/hot-reloader/pages/hot-reloader-pages.js:347
[   70221ms] [LOG] [Fast Refresh] rebuilding @ webpack-internal:///(pages-dir-browser)/./node_modules/next/dist/client/dev/hot-reloader/pages/hot-reloader-pages.js:206
[   70243ms] [ERROR] Failed to load resource: the server responded with a status of 404 (Not Found) @ http://localhost:3000/_next/static/webpack/cf54367995c4a352.webpack.hot-update.json:0
[   70243ms] [WARNING] [Fast Refresh] performing full reload because your application had an unrecoverable error @ webpack-internal:///(pages-dir-browser)/./node_modules/next/dist/client/dev/hot-reloader/pages/hot-reloader-pages.js:347
[   70480ms] [ERROR] Failed to load resource: the server responded with a status of 500 (Internal Server Error) @ http://localhost:3000/captured-data:0
[   70784ms] [INFO] %cDownload the React DevTools for a better development experience: https://react.dev/link/react-devtools font-weight:bold @ webpack-internal:///(pages-dir-browser)/./node_modules/react-dom/cjs/react-dom-client.development.js:28004
[   70795ms] Error: Cannot find module './611.js'
Require stack:
- /Users/soumanpaul/Desktop/Desk/interview/products/cybershield-web/.next/server/webpack-runtime.js
- /Users/soumanpaul/Desktop/Desk/interview/products/cybershield-web/.next/server/pages/_document.js
- /Users/soumanpaul/Desktop/Desk/interview/products/cybershield-web/node_modules/next/dist/server/require.js
- /Users/soumanpaul/Desktop/Desk/interview/products/cybershield-web/node_modules/next/dist/server/load-components.js
- /Users/soumanpaul/Desktop/Desk/interview/products/cybershield-web/node_modules/next/dist/build/utils.js
- /Users/soumanpaul/Desktop/Desk/interview/products/cybershield-web/node_modules/next/dist/build/swc/options.js
- /Users/soumanpaul/Desktop/Desk/interview/products/cybershield-web/node_modules/next/dist/build/swc/index.js
- /Users/soumanpaul/Desktop/Desk/interview/products/cybershield-web/node_modules/next/dist/build/next-config-ts/transpile-config.js
- /Users/soumanpaul/Desktop/Desk/interview/products/cybershield-web/node_modules/next/dist/server/config.js
- /Users/soumanpaul/Desktop/Desk/interview/products/cybershield-web/node_modules/next/dist/server/next.js
- /Users/soumanpaul/Desktop/Desk/interview/products/cybershield-web/node_modules/next/dist/server/lib/start-server.js
    at Module.<anonymous> (node:internal/modules/cjs/loader:1569:15)
    at <unknown> (file:///Users/soumanpaul/Desktop/Desk/interview/products/cybershield-web/node_modules/next/dist/server/require-hook.js:57:36)
    at wrapResolveFilename (node:internal/modules/cjs/loader:1123:27)
    at defaultResolveImplForCJSLoading (node:internal/modules/cjs/loader:1147:10)
    at defaultResolve (node:internal/modules/cjs/loader:1204:20)
    at nextStep (node:internal/modules/customization_hooks:189:26)
    at He (file:///Users/soumanpaul/Desktop/Desk/interview/products/cybershield-web/node_modules/@tailwindcss/node/dist/index.js:1:1283)
    at nextStep (node:internal/modules/customization_hooks:189:26)
    at resolveWithHooks (node:internal/modules/customization_hooks:417:10)
    at resolveForCJSWithHooks (node:internal/modules/cjs/loader:1217:25)
    at Module._load (node:internal/modules/cjs/loader:1346:5)
    at wrapModuleLoad (node:internal/modules/cjs/loader:261:19)
    at Module.<anonymous> (node:internal/modules/cjs/loader:1679:12)
    at mod.require (file:///Users/soumanpaul/Desktop/Desk/interview/products/cybershield-web/node_modules/next/dist/server/require-hook.js:68:28)
    at require (node:internal/modules/helpers:196:16)
    at __webpack_require__.f.require (file:///Users/soumanpaul/Desktop/Desk/interview/products/cybershield-web/.next/server/webpack-runtime.js:195:28)
    at <unknown> (file:///Users/soumanpaul/Desktop/Desk/interview/products/cybershield-web/.next/server/webpack-runtime.js:103:40)
    at Array.reduce (<anonymous>)
    at __webpack_require__.e (file:///Users/soumanpaul/Desktop/Desk/interview/products/cybershield-web/.next/server/webpack-runtime.js:102:67)
    at Array.map (<anonymous>)
    at __webpack_require__.X (file:///Users/soumanpaul/Desktop/Desk/interview/products/cybershield-web/.next/server/webpack-runtime.js:154:22)
    at <unknown> (file:///Users/soumanpaul/Desktop/Desk/interview/products/cybershield-web/.next/server/pages/_document.js:1:325)
    at Object.<anonymous> (file:///Users/soumanpaul/Desktop/Desk/interview/products/cybershield-web/.next/server/pages/_document.js:1:371)
    at Module._compile (node:internal/modules/cjs/loader:1934:14)
    at Object..js (node:internal/modules/cjs/loader:2074:10)
    at Module.load (node:internal/modules/cjs/loader:1656:32)
    at Module._load (node:internal/modules/cjs/loader:1448:12)
    at wrapModuleLoad (node:internal/modules/cjs/loader:261:19)
    at Module.<anonymous> (node:internal/modules/cjs/loader:1679:12)
    at mod.require (file:///Users/soumanpaul/Desktop/Desk/interview/products/cybershield-web/node_modules/next/dist/server/require-hook.js:68:28)
    at require (node:internal/modules/helpers:196:16)
    at requirePage (file:///Users/soumanpaul/Desktop/Desk/interview/products/cybershield-web/node_modules/next/dist/server/require.js:99:80)
    at loadComponentsImpl (file:///Users/soumanpaul/Desktop/Desk/interview/products/cybershield-web/node_modules/next/dist/server/load-components.js:86:38)
    at DevServer.findPageComponentsImpl (file:///Users/soumanpaul/Desktop/Desk/interview/products/cybershield-web/node_modules/next/dist/server/next-server.js:900:77)
    at <unknown> (file:///Users/soumanpaul/Desktop/Desk/interview/products/cybershield-web/node_modules/next/dist/server/next-server.js:878:21)
    at <unknown> (file:///Users/soumanpaul/Desktop/Desk/interview/products/cybershield-web/node_modules/next/dist/server/lib/trace/tracer.js:184:36)
    at NoopContextManager.with (file:///Users/soumanpaul/Desktop/Desk/interview/products/cybershield-web/node_modules/next/dist/compiled/@opentelemetry/api/index.js:1:7062)
    at ContextAPI.with (file:///Users/soumanpaul/Desktop/Desk/interview/products/cybershield-web/node_modules/next/dist/compiled/@opentelemetry/api/index.js:1:518)
    at NoopTracer.startActiveSpan (file:///Users/soumanpaul/Desktop/Desk/interview/products/cybershield-web/node_modules/next/dist/compiled/@opentelemetry/api/index.js:1:18093)
    at ProxyTracer.startActiveSpan (file:///Users/soumanpaul/Desktop/Desk/interview/products/cybershield-web/node_modules/next/dist/compiled/@opentelemetry/api/index.js:1:18854)
    at <unknown> (file:///Users/soumanpaul/Desktop/Desk/interview/products/cybershield-web/node_modules/next/dist/server/lib/trace/tracer.js:153:103)
    at NoopContextManager.with (file:///Users/soumanpaul/Desktop/Desk/interview/products/cybershield-web/node_modules/next/dist/compiled/@opentelemetry/api/index.js:1:7062)
    at ContextAPI.with (file:///Users/soumanpaul/Desktop/Desk/interview/products/cybershield-web/node_modules/next/dist/compiled/@opentelemetry/api/index.js:1:518)
    at NextTracerImpl.trace (file:///Users/soumanpaul/Desktop/Desk/interview/products/cybershield-web/node_modules/next/dist/server/lib/trace/tracer.js:153:28)
    at DevServer.findPageComponents (file:///Users/soumanpaul/Desktop/Desk/interview/products/cybershield-web/node_modules/next/dist/server/next-server.js:873:41)
    at DevServer.findPageComponents (file:///Users/soumanpaul/Desktop/Desk/interview/products/cybershield-web/node_modules/next/dist/server/dev/next-dev-server.js:706:28)
    at async DevServer.renderErrorToResponseImpl (file:///Users/soumanpaul/Desktop/Desk/interview/products/cybershield-web/node_modules/next/dist/server/base-server.js:1695:26)
    at async pipe.req.req (file:///Users/soumanpaul/Desktop/Desk/interview/products/cybershield-web/node_modules/next/dist/server/base-server.js:1618:30)
    at async DevServer.pipeImpl (file:///Users/soumanpaul/Desktop/Desk/interview/products/cybershield-web/node_modules/next/dist/server/base-server.js:1026:25)
    at async NextNodeServer.handleCatchallRenderRequest (file:///Users/soumanpaul/Desktop/Desk/interview/products/cybershield-web/node_modules/next/dist/server/next-server.js:409:21)
[   70801ms] [LOG] [HMR] connected @ webpack-internal:///(pages-dir-browser)/./node_modules/next/dist/client/dev/hot-reloader/pages/websocket.js:45
[   70825ms] [LOG] [Fast Refresh] rebuilding @ webpack-internal:///(pages-dir-browser)/./node_modules/next/dist/client/dev/hot-reloader/pages/hot-reloader-pages.js:206
[   70971ms] [LOG] [Fast Refresh] rebuilding @ webpack-internal:///(pages-dir-browser)/./node_modules/next/dist/client/dev/hot-reloader/pages/hot-reloader-pages.js:206
[   70976ms] [ERROR] Failed to load resource: the server responded with a status of 404 (Not Found) @ http://localhost:3000/_next/static/webpack/cf54367995c4a352.webpack.hot-update.json:0
[   70976ms] [WARNING] [Fast Refresh] performing full reload because your application had an unrecoverable error @ webpack-internal:///(pages-dir-browser)/./node_modules/next/dist/client/dev/hot-reloader/pages/hot-reloader-pages.js:347
[   71117ms] [LOG] [Fast Refresh] rebuilding @ webpack-internal:///(pages-dir-browser)/./node_modules/next/dist/client/dev/hot-reloader/pages/hot-reloader-pages.js:206
[   71127ms] [ERROR] Failed to load resource: the server responded with a status of 404 (Not Found) @ http://localhost:3000/_next/static/webpack/cf54367995c4a352.webpack.hot-update.json:0
[   71127ms] [WARNING] [Fast Refresh] performing full reload because your application had an unrecoverable error @ webpack-internal:///(pages-dir-browser)/./node_modules/next/dist/client/dev/hot-reloader/pages/hot-reloader-pages.js:347
[   71394ms] [ERROR] Failed to load resource: the server responded with a status of 500 (Internal Server Error) @ http://localhost:3000/captured-data:0
[   71731ms] [INFO] %cDownload the React DevTools for a better development experience: https://react.dev/link/react-devtools font-weight:bold @ webpack-internal:///(pages-dir-browser)/./node_modules/react-dom/cjs/react-dom-client.development.js:28004
[   71746ms] Error: Cannot find module './611.js'
Require stack:
- /Users/soumanpaul/Desktop/Desk/interview/products/cybershield-web/.next/server/webpack-runtime.js
- /Users/soumanpaul/Desktop/Desk/interview/products/cybershield-web/.next/server/pages/_document.js
- /Users/soumanpaul/Desktop/Desk/interview/products/cybershield-web/node_modules/next/dist/server/require.js
- /Users/soumanpaul/Desktop/Desk/interview/products/cybershield-web/node_modules/next/dist/server/load-components.js
- /Users/soumanpaul/Desktop/Desk/interview/products/cybershield-web/node_modules/next/dist/build/utils.js
- /Users/soumanpaul/Desktop/Desk/interview/products/cybershield-web/node_modules/next/dist/build/swc/options.js
- /Users/soumanpaul/Desktop/Desk/interview/products/cybershield-web/node_modules/next/dist/build/swc/index.js
- /Users/soumanpaul/Desktop/Desk/interview/products/cybershield-web/node_modules/next/dist/build/next-config-ts/transpile-config.js
- /Users/soumanpaul/Desktop/Desk/interview/products/cybershield-web/node_modules/next/dist/server/config.js
- /Users/soumanpaul/Desktop/Desk/interview/products/cybershield-web/node_modules/next/dist/server/next.js
- /Users/soumanpaul/Desktop/Desk/interview/products/cybershield-web/node_modules/next/dist/server/lib/start-server.js
    at Module.<anonymous> (node:internal/modules/cjs/loader:1569:15)
    at <unknown> (file:///Users/soumanpaul/Desktop/Desk/interview/products/cybershield-web/node_modules/next/dist/server/require-hook.js:57:36)
    at wrapResolveFilename (node:internal/modules/cjs/loader:1123:27)
    at defaultResolveImplForCJSLoading (node:internal/modules/cjs/loader:1147:10)
    at defaultResolve (node:internal/modules/cjs/loader:1204:20)
    at nextStep (node:internal/modules/customization_hooks:189:26)
    at He (file:///Users/soumanpaul/Desktop/Desk/interview/products/cybershield-web/node_modules/@tailwindcss/node/dist/index.js:1:1283)
    at nextStep (node:internal/modules/customization_hooks:189:26)
    at resolveWithHooks (node:internal/modules/customization_hooks:417:10)
    at resolveForCJSWithHooks (node:internal/modules/cjs/loader:1217:25)
    at Module._load (node:internal/modules/cjs/loader:1346:5)
    at wrapModuleLoad (node:internal/modules/cjs/loader:261:19)
    at Module.<anonymous> (node:internal/modules/cjs/loader:1679:12)
    at mod.require (file:///Users/soumanpaul/Desktop/Desk/interview/products/cybershield-web/node_modules/next/dist/server/require-hook.js:68:28)
    at require (node:internal/modules/helpers:196:16)
    at __webpack_require__.f.require (file:///Users/soumanpaul/Desktop/Desk/interview/products/cybershield-web/.next/server/webpack-runtime.js:195:28)
    at <unknown> (file:///Users/soumanpaul/Desktop/Desk/interview/products/cybershield-web/.next/server/webpack-runtime.js:103:40)
    at Array.reduce (<anonymous>)
    at __webpack_require__.e (file:///Users/soumanpaul/Desktop/Desk/interview/products/cybershield-web/.next/server/webpack-runtime.js:102:67)
    at Array.map (<anonymous>)
    at __webpack_require__.X (file:///Users/soumanpaul/Desktop/Desk/interview/products/cybershield-web/.next/server/webpack-runtime.js:154:22)
    at <unknown> (file:///Users/soumanpaul/Desktop/Desk/interview/products/cybershield-web/.next/server/pages/_document.js:1:325)
    at Object.<anonymous> (file:///Users/soumanpaul/Desktop/Desk/interview/products/cybershield-web/.next/server/pages/_document.js:1:371)
    at Module._compile (node:internal/modules/cjs/loader:1934:14)
    at Object..js (node:internal/modules/cjs/loader:2074:10)
    at Module.load (node:internal/modules/cjs/loader:1656:32)
    at Module._load (node:internal/modules/cjs/loader:1448:12)
    at wrapModuleLoad (node:internal/modules/cjs/loader:261:19)
    at Module.<anonymous> (node:internal/modules/cjs/loader:1679:12)
    at mod.require (file:///Users/soumanpaul/Desktop/Desk/interview/products/cybershield-web/node_modules/next/dist/server/require-hook.js:68:28)
    at require (node:internal/modules/helpers:196:16)
    at requirePage (file:///Users/soumanpaul/Desktop/Desk/interview/products/cybershield-web/node_modules/next/dist/server/require.js:99:80)
    at loadComponentsImpl (file:///Users/soumanpaul/Desktop/Desk/interview/products/cybershield-web/node_modules/next/dist/server/load-components.js:86:38)
    at DevServer.findPageComponentsImpl (file:///Users/soumanpaul/Desktop/Desk/interview/products/cybershield-web/node_modules/next/dist/server/next-server.js:900:77)
    at <unknown> (file:///Users/soumanpaul/Desktop/Desk/interview/products/cybershield-web/node_modules/next/dist/server/next-server.js:878:21)
    at <unknown> (file:///Users/soumanpaul/Desktop/Desk/interview/products/cybershield-web/node_modules/next/dist/server/lib/trace/tracer.js:184:36)
    at NoopContextManager.with (file:///Users/soumanpaul/Desktop/Desk/interview/products/cybershield-web/node_modules/next/dist/compiled/@opentelemetry/api/index.js:1:7062)
    at ContextAPI.with (file:///Users/soumanpaul/Desktop/Desk/interview/products/cybershield-web/node_modules/next/dist/compiled/@opentelemetry/api/index.js:1:518)
    at NoopTracer.startActiveSpan (file:///Users/soumanpaul/Desktop/Desk/interview/products/cybershield-web/node_modules/next/dist/compiled/@opentelemetry/api/index.js:1:18093)
    at ProxyTracer.startActiveSpan (file:///Users/soumanpaul/Desktop/Desk/interview/products/cybershield-web/node_modules/next/dist/compiled/@opentelemetry/api/index.js:1:18854)
    at <unknown> (file:///Users/soumanpaul/Desktop/Desk/interview/products/cybershield-web/node_modules/next/dist/server/lib/trace/tracer.js:153:103)
    at NoopContextManager.with (file:///Users/soumanpaul/Desktop/Desk/interview/products/cybershield-web/node_modules/next/dist/compiled/@opentelemetry/api/index.js:1:7062)
    at ContextAPI.with (file:///Users/soumanpaul/Desktop/Desk/interview/products/cybershield-web/node_modules/next/dist/compiled/@opentelemetry/api/index.js:1:518)
    at NextTracerImpl.trace (file:///Users/soumanpaul/Desktop/Desk/interview/products/cybershield-web/node_modules/next/dist/server/lib/trace/tracer.js:153:28)
    at DevServer.findPageComponents (file:///Users/soumanpaul/Desktop/Desk/interview/products/cybershield-web/node_modules/next/dist/server/next-server.js:873:41)
    at DevServer.findPageComponents (file:///Users/soumanpaul/Desktop/Desk/interview/products/cybershield-web/node_modules/next/dist/server/dev/next-dev-server.js:706:28)
    at async DevServer.renderErrorToResponseImpl (file:///Users/soumanpaul/Desktop/Desk/interview/products/cybershield-web/node_modules/next/dist/server/base-server.js:1695:26)
    at async pipe.req.req (file:///Users/soumanpaul/Desktop/Desk/interview/products/cybershield-web/node_modules/next/dist/server/base-server.js:1618:30)
    at async DevServer.pipeImpl (file:///Users/soumanpaul/Desktop/Desk/interview/products/cybershield-web/node_modules/next/dist/server/base-server.js:1026:25)
    at async NextNodeServer.handleCatchallRenderRequest (file:///Users/soumanpaul/Desktop/Desk/interview/products/cybershield-web/node_modules/next/dist/server/next-server.js:409:21)
[   71741ms] [LOG] [HMR] connected @ webpack-internal:///(pages-dir-browser)/./node_modules/next/dist/client/dev/hot-reloader/pages/websocket.js:45
[   71742ms] [LOG] [Fast Refresh] rebuilding @ webpack-internal:///(pages-dir-browser)/./node_modules/next/dist/client/dev/hot-reloader/pages/hot-reloader-pages.js:206
[   71896ms] [LOG] [Fast Refresh] rebuilding @ webpack-internal:///(pages-dir-browser)/./node_modules/next/dist/client/dev/hot-reloader/pages/hot-reloader-pages.js:206
[   71909ms] [ERROR] Failed to load resource: the server responded with a status of 404 (Not Found) @ http://localhost:3000/_next/static/webpack/cf54367995c4a352.webpack.hot-update.json:0
[   71909ms] [WARNING] [Fast Refresh] performing full reload because your application had an unrecoverable error @ webpack-internal:///(pages-dir-browser)/./node_modules/next/dist/client/dev/hot-reloader/pages/hot-reloader-pages.js:347
[   72066ms] [LOG] [Fast Refresh] rebuilding @ webpack-internal:///(pages-dir-browser)/./node_modules/next/dist/client/dev/hot-reloader/pages/hot-reloader-pages.js:206
[   72079ms] [ERROR] Failed to load resource: the server responded with a status of 404 (Not Found) @ http://localhost:3000/_next/static/webpack/cf54367995c4a352.webpack.hot-update.json:0
[   72079ms] [WARNING] [Fast Refresh] performing full reload because your application had an unrecoverable error @ webpack-internal:///(pages-dir-browser)/./node_modules/next/dist/client/dev/hot-reloader/pages/hot-reloader-pages.js:347
[   72378ms] [ERROR] Failed to load resource: the server responded with a status of 404 (Not Found) @ http://localhost:3000/_next/static/webpack/cf54367995c4a352.webpack.hot-update.json:0
[   72378ms] [WARNING] [Fast Refresh] performing full reload because your application had an unrecoverable error @ webpack-internal:///(pages-dir-browser)/./node_modules/next/dist/client/dev/hot-reloader/pages/hot-reloader-pages.js:347
[   72386ms] [ERROR] Failed to load resource: the server responded with a status of 500 (Internal Server Error) @ http://localhost:3000/captured-data:0
[   73007ms] [INFO] %cDownload the React DevTools for a better development experience: https://react.dev/link/react-devtools font-weight:bold @ webpack-internal:///(pages-dir-browser)/./node_modules/react-dom/cjs/react-dom-client.development.js:28004
[   73022ms] Error: Cannot find module './611.js'
Require stack:
- /Users/soumanpaul/Desktop/Desk/interview/products/cybershield-web/.next/server/webpack-runtime.js
- /Users/soumanpaul/Desktop/Desk/interview/products/cybershield-web/.next/server/pages/_document.js
- /Users/soumanpaul/Desktop/Desk/interview/products/cybershield-web/node_modules/next/dist/server/require.js
- /Users/soumanpaul/Desktop/Desk/interview/products/cybershield-web/node_modules/next/dist/server/load-components.js
- /Users/soumanpaul/Desktop/Desk/interview/products/cybershield-web/node_modules/next/dist/build/utils.js
- /Users/soumanpaul/Desktop/Desk/interview/products/cybershield-web/node_modules/next/dist/build/swc/options.js
- /Users/soumanpaul/Desktop/Desk/interview/products/cybershield-web/node_modules/next/dist/build/swc/index.js
- /Users/soumanpaul/Desktop/Desk/interview/products/cybershield-web/node_modules/next/dist/build/next-config-ts/transpile-config.js
- /Users/soumanpaul/Desktop/Desk/interview/products/cybershield-web/node_modules/next/dist/server/config.js
- /Users/soumanpaul/Desktop/Desk/interview/products/cybershield-web/node_modules/next/dist/server/next.js
- /Users/soumanpaul/Desktop/Desk/interview/products/cybershield-web/node_modules/next/dist/server/lib/start-server.js
    at Module.<anonymous> (node:internal/modules/cjs/loader:1569:15)
    at <unknown> (file:///Users/soumanpaul/Desktop/Desk/interview/products/cybershield-web/node_modules/next/dist/server/require-hook.js:57:36)
    at wrapResolveFilename (node:internal/modules/cjs/loader:1123:27)
    at defaultResolveImplForCJSLoading (node:internal/modules/cjs/loader:1147:10)
    at defaultResolve (node:internal/modules/cjs/loader:1204:20)
    at nextStep (node:internal/modules/customization_hooks:189:26)
    at He (file:///Users/soumanpaul/Desktop/Desk/interview/products/cybershield-web/node_modules/@tailwindcss/node/dist/index.js:1:1283)
    at nextStep (node:internal/modules/customization_hooks:189:26)
    at resolveWithHooks (node:internal/modules/customization_hooks:417:10)
    at resolveForCJSWithHooks (node:internal/modules/cjs/loader:1217:25)
    at Module._load (node:internal/modules/cjs/loader:1346:5)
    at wrapModuleLoad (node:internal/modules/cjs/loader:261:19)
    at Module.<anonymous> (node:internal/modules/cjs/loader:1679:12)
    at mod.require (file:///Users/soumanpaul/Desktop/Desk/interview/products/cybershield-web/node_modules/next/dist/server/require-hook.js:68:28)
    at require (node:internal/modules/helpers:196:16)
    at __webpack_require__.f.require (file:///Users/soumanpaul/Desktop/Desk/interview/products/cybershield-web/.next/server/webpack-runtime.js:195:28)
    at <unknown> (file:///Users/soumanpaul/Desktop/Desk/interview/products/cybershield-web/.next/server/webpack-runtime.js:103:40)
    at Array.reduce (<anonymous>)
    at __webpack_require__.e (file:///Users/soumanpaul/Desktop/Desk/interview/products/cybershield-web/.next/server/webpack-runtime.js:102:67)
    at Array.map (<anonymous>)
    at __webpack_require__.X (file:///Users/soumanpaul/Desktop/Desk/interview/products/cybershield-web/.next/server/webpack-runtime.js:154:22)
    at <unknown> (file:///Users/soumanpaul/Desktop/Desk/interview/products/cybershield-web/.next/server/pages/_document.js:1:325)
    at Object.<anonymous> (file:///Users/soumanpaul/Desktop/Desk/interview/products/cybershield-web/.next/server/pages/_document.js:1:371)
    at Module._compile (node:internal/modules/cjs/loader:1934:14)
    at Object..js (node:internal/modules/cjs/loader:2074:10)
    at Module.load (node:internal/modules/cjs/loader:1656:32)
    at Module._load (node:internal/modules/cjs/loader:1448:12)
    at wrapModuleLoad (node:internal/modules/cjs/loader:261:19)
    at Module.<anonymous> (node:internal/modules/cjs/loader:1679:12)
    at mod.require (file:///Users/soumanpaul/Desktop/Desk/interview/products/cybershield-web/node_modules/next/dist/server/require-hook.js:68:28)
    at require (node:internal/modules/helpers:196:16)
    at requirePage (file:///Users/soumanpaul/Desktop/Desk/interview/products/cybershield-web/node_modules/next/dist/server/require.js:99:80)
    at loadComponentsImpl (file:///Users/soumanpaul/Desktop/Desk/interview/products/cybershield-web/node_modules/next/dist/server/load-components.js:86:38)
    at DevServer.findPageComponentsImpl (file:///Users/soumanpaul/Desktop/Desk/interview/products/cybershield-web/node_modules/next/dist/server/next-server.js:900:77)
    at <unknown> (file:///Users/soumanpaul/Desktop/Desk/interview/products/cybershield-web/node_modules/next/dist/server/next-server.js:878:21)
    at <unknown> (file:///Users/soumanpaul/Desktop/Desk/interview/products/cybershield-web/node_modules/next/dist/server/lib/trace/tracer.js:184:36)
    at NoopContextManager.with (file:///Users/soumanpaul/Desktop/Desk/interview/products/cybershield-web/node_modules/next/dist/compiled/@opentelemetry/api/index.js:1:7062)
    at ContextAPI.with (file:///Users/soumanpaul/Desktop/Desk/interview/products/cybershield-web/node_modules/next/dist/compiled/@opentelemetry/api/index.js:1:518)
    at NoopTracer.startActiveSpan (file:///Users/soumanpaul/Desktop/Desk/interview/products/cybershield-web/node_modules/next/dist/compiled/@opentelemetry/api/index.js:1:18093)
    at ProxyTracer.startActiveSpan (file:///Users/soumanpaul/Desktop/Desk/interview/products/cybershield-web/node_modules/next/dist/compiled/@opentelemetry/api/index.js:1:18854)
    at <unknown> (file:///Users/soumanpaul/Desktop/Desk/interview/products/cybershield-web/node_modules/next/dist/server/lib/trace/tracer.js:153:103)
    at NoopContextManager.with (file:///Users/soumanpaul/Desktop/Desk/interview/products/cybershield-web/node_modules/next/dist/compiled/@opentelemetry/api/index.js:1:7062)
    at ContextAPI.with (file:///Users/soumanpaul/Desktop/Desk/interview/products/cybershield-web/node_modules/next/dist/compiled/@opentelemetry/api/index.js:1:518)
    at NextTracerImpl.trace (file:///Users/soumanpaul/Desktop/Desk/interview/products/cybershield-web/node_modules/next/dist/server/lib/trace/tracer.js:153:28)
    at DevServer.findPageComponents (file:///Users/soumanpaul/Desktop/Desk/interview/products/cybershield-web/node_modules/next/dist/server/next-server.js:873:41)
    at DevServer.findPageComponents (file:///Users/soumanpaul/Desktop/Desk/interview/products/cybershield-web/node_modules/next/dist/server/dev/next-dev-server.js:706:28)
    at async DevServer.renderErrorToResponseImpl (file:///Users/soumanpaul/Desktop/Desk/interview/products/cybershield-web/node_modules/next/dist/server/base-server.js:1695:26)
    at async pipe.req.req (file:///Users/soumanpaul/Desktop/Desk/interview/products/cybershield-web/node_modules/next/dist/server/base-server.js:1618:30)
    at async DevServer.pipeImpl (file:///Users/soumanpaul/Desktop/Desk/interview/products/cybershield-web/node_modules/next/dist/server/base-server.js:1026:25)
    at async NextNodeServer.handleCatchallRenderRequest (file:///Users/soumanpaul/Desktop/Desk/interview/products/cybershield-web/node_modules/next/dist/server/next-server.js:409:21)
[   73025ms] [LOG] [HMR] connected @ webpack-internal:///(pages-dir-browser)/./node_modules/next/dist/client/dev/hot-reloader/pages/websocket.js:45
[   73044ms] [LOG] [Fast Refresh] rebuilding @ webpack-internal:///(pages-dir-browser)/./node_modules/next/dist/client/dev/hot-reloader/pages/hot-reloader-pages.js:206
[   73335ms] [LOG] [Fast Refresh] rebuilding @ webpack-internal:///(pages-dir-browser)/./node_modules/next/dist/client/dev/hot-reloader/pages/hot-reloader-pages.js:206
[   73354ms] [ERROR] Failed to load resource: the server responded with a status of 404 (Not Found) @ http://localhost:3000/_next/static/webpack/cf54367995c4a352.webpack.hot-update.json:0
[   73354ms] [WARNING] [Fast Refresh] performing full reload because your application had an unrecoverable error @ webpack-internal:///(pages-dir-browser)/./node_modules/next/dist/client/dev/hot-reloader/pages/hot-reloader-pages.js:347
[   73498ms] [LOG] [Fast Refresh] rebuilding @ webpack-internal:///(pages-dir-browser)/./node_modules/next/dist/client/dev/hot-reloader/pages/hot-reloader-pages.js:206
[   73505ms] [ERROR] Failed to load resource: the server responded with a status of 404 (Not Found) @ http://localhost:3000/_next/static/webpack/cf54367995c4a352.webpack.hot-update.json:0
[   73505ms] [WARNING] [Fast Refresh] performing full reload because your application had an unrecoverable error @ webpack-internal:///(pages-dir-browser)/./node_modules/next/dist/client/dev/hot-reloader/pages/hot-reloader-pages.js:347
[   73742ms] [ERROR] Failed to load resource: the server responded with a status of 500 (Internal Server Error) @ http://localhost:3000/captured-data:0
[   74034ms] [INFO] %cDownload the React DevTools for a better development experience: https://react.dev/link/react-devtools font-weight:bold @ webpack-internal:///(pages-dir-browser)/./node_modules/react-dom/cjs/react-dom-client.development.js:28004
[   74053ms] Error: Cannot find module './611.js'
Require stack:
- /Users/soumanpaul/Desktop/Desk/interview/products/cybershield-web/.next/server/webpack-runtime.js
- /Users/soumanpaul/Desktop/Desk/interview/products/cybershield-web/.next/server/pages/_document.js
- /Users/soumanpaul/Desktop/Desk/interview/products/cybershield-web/node_modules/next/dist/server/require.js
- /Users/soumanpaul/Desktop/Desk/interview/products/cybershield-web/node_modules/next/dist/server/load-components.js
- /Users/soumanpaul/Desktop/Desk/interview/products/cybershield-web/node_modules/next/dist/build/utils.js
- /Users/soumanpaul/Desktop/Desk/interview/products/cybershield-web/node_modules/next/dist/build/swc/options.js
- /Users/soumanpaul/Desktop/Desk/interview/products/cybershield-web/node_modules/next/dist/build/swc/index.js
- /Users/soumanpaul/Desktop/Desk/interview/products/cybershield-web/node_modules/next/dist/build/next-config-ts/transpile-config.js
- /Users/soumanpaul/Desktop/Desk/interview/products/cybershield-web/node_modules/next/dist/server/config.js
- /Users/soumanpaul/Desktop/Desk/interview/products/cybershield-web/node_modules/next/dist/server/next.js
- /Users/soumanpaul/Desktop/Desk/interview/products/cybershield-web/node_modules/next/dist/server/lib/start-server.js
    at Module.<anonymous> (node:internal/modules/cjs/loader:1569:15)
    at <unknown> (file:///Users/soumanpaul/Desktop/Desk/interview/products/cybershield-web/node_modules/next/dist/server/require-hook.js:57:36)
    at wrapResolveFilename (node:internal/modules/cjs/loader:1123:27)
    at defaultResolveImplForCJSLoading (node:internal/modules/cjs/loader:1147:10)
    at defaultResolve (node:internal/modules/cjs/loader:1204:20)
    at nextStep (node:internal/modules/customization_hooks:189:26)
    at He (file:///Users/soumanpaul/Desktop/Desk/interview/products/cybershield-web/node_modules/@tailwindcss/node/dist/index.js:1:1283)
    at nextStep (node:internal/modules/customization_hooks:189:26)
    at resolveWithHooks (node:internal/modules/customization_hooks:417:10)
    at resolveForCJSWithHooks (node:internal/modules/cjs/loader:1217:25)
    at Module._load (node:internal/modules/cjs/loader:1346:5)
    at wrapModuleLoad (node:internal/modules/cjs/loader:261:19)
    at Module.<anonymous> (node:internal/modules/cjs/loader:1679:12)
    at mod.require (file:///Users/soumanpaul/Desktop/Desk/interview/products/cybershield-web/node_modules/next/dist/server/require-hook.js:68:28)
    at require (node:internal/modules/helpers:196:16)
    at __webpack_require__.f.require (file:///Users/soumanpaul/Desktop/Desk/interview/products/cybershield-web/.next/server/webpack-runtime.js:195:28)
    at <unknown> (file:///Users/soumanpaul/Desktop/Desk/interview/products/cybershield-web/.next/server/webpack-runtime.js:103:40)
    at Array.reduce (<anonymous>)
    at __webpack_require__.e (file:///Users/soumanpaul/Desktop/Desk/interview/products/cybershield-web/.next/server/webpack-runtime.js:102:67)
    at Array.map (<anonymous>)
    at __webpack_require__.X (file:///Users/soumanpaul/Desktop/Desk/interview/products/cybershield-web/.next/server/webpack-runtime.js:154:22)
    at <unknown> (file:///Users/soumanpaul/Desktop/Desk/interview/products/cybershield-web/.next/server/pages/_document.js:1:325)
    at Object.<anonymous> (file:///Users/soumanpaul/Desktop/Desk/interview/products/cybershield-web/.next/server/pages/_document.js:1:371)
    at Module._compile (node:internal/modules/cjs/loader:1934:14)
    at Object..js (node:internal/modules/cjs/loader:2074:10)
    at Module.load (node:internal/modules/cjs/loader:1656:32)
    at Module._load (node:internal/modules/cjs/loader:1448:12)
    at wrapModuleLoad (node:internal/modules/cjs/loader:261:19)
    at Module.<anonymous> (node:internal/modules/cjs/loader:1679:12)
    at mod.require (file:///Users/soumanpaul/Desktop/Desk/interview/products/cybershield-web/node_modules/next/dist/server/require-hook.js:68:28)
    at require (node:internal/modules/helpers:196:16)
    at requirePage (file:///Users/soumanpaul/Desktop/Desk/interview/products/cybershield-web/node_modules/next/dist/server/require.js:99:80)
    at loadComponentsImpl (file:///Users/soumanpaul/Desktop/Desk/interview/products/cybershield-web/node_modules/next/dist/server/load-components.js:86:38)
    at DevServer.findPageComponentsImpl (file:///Users/soumanpaul/Desktop/Desk/interview/products/cybershield-web/node_modules/next/dist/server/next-server.js:900:77)
    at <unknown> (file:///Users/soumanpaul/Desktop/Desk/interview/products/cybershield-web/node_modules/next/dist/server/next-server.js:878:21)
    at <unknown> (file:///Users/soumanpaul/Desktop/Desk/interview/products/cybershield-web/node_modules/next/dist/server/lib/trace/tracer.js:184:36)
    at NoopContextManager.with (file:///Users/soumanpaul/Desktop/Desk/interview/products/cybershield-web/node_modules/next/dist/compiled/@opentelemetry/api/index.js:1:7062)
    at ContextAPI.with (file:///Users/soumanpaul/Desktop/Desk/interview/products/cybershield-web/node_modules/next/dist/compiled/@opentelemetry/api/index.js:1:518)
    at NoopTracer.startActiveSpan (file:///Users/soumanpaul/Desktop/Desk/interview/products/cybershield-web/node_modules/next/dist/compiled/@opentelemetry/api/index.js:1:18093)
    at ProxyTracer.startActiveSpan (file:///Users/soumanpaul/Desktop/Desk/interview/products/cybershield-web/node_modules/next/dist/compiled/@opentelemetry/api/index.js:1:18854)
    at <unknown> (file:///Users/soumanpaul/Desktop/Desk/interview/products/cybershield-web/node_modules/next/dist/server/lib/trace/tracer.js:153:103)
    at NoopContextManager.with (file:///Users/soumanpaul/Desktop/Desk/interview/products/cybershield-web/node_modules/next/dist/compiled/@opentelemetry/api/index.js:1:7062)
    at ContextAPI.with (file:///Users/soumanpaul/Desktop/Desk/interview/products/cybershield-web/node_modules/next/dist/compiled/@opentelemetry/api/index.js:1:518)
    at NextTracerImpl.trace (file:///Users/soumanpaul/Desktop/Desk/interview/products/cybershield-web/node_modules/next/dist/server/lib/trace/tracer.js:153:28)
    at DevServer.findPageComponents (file:///Users/soumanpaul/Desktop/Desk/interview/products/cybershield-web/node_modules/next/dist/server/next-server.js:873:41)
    at DevServer.findPageComponents (file:///Users/soumanpaul/Desktop/Desk/interview/products/cybershield-web/node_modules/next/dist/server/dev/next-dev-server.js:706:28)
    at async DevServer.renderErrorToResponseImpl (file:///Users/soumanpaul/Desktop/Desk/interview/products/cybershield-web/node_modules/next/dist/server/base-server.js:1695:26)
    at async pipe.req.req (file:///Users/soumanpaul/Desktop/Desk/interview/products/cybershield-web/node_modules/next/dist/server/base-server.js:1618:30)
    at async DevServer.pipeImpl (file:///Users/soumanpaul/Desktop/Desk/interview/products/cybershield-web/node_modules/next/dist/server/base-server.js:1026:25)
    at async NextNodeServer.handleCatchallRenderRequest (file:///Users/soumanpaul/Desktop/Desk/interview/products/cybershield-web/node_modules/next/dist/server/next-server.js:409:21)
[   74053ms] [LOG] [HMR] connected @ webpack-internal:///(pages-dir-browser)/./node_modules/next/dist/client/dev/hot-reloader/pages/websocket.js:45
[   74075ms] [LOG] [Fast Refresh] rebuilding @ webpack-internal:///(pages-dir-browser)/./node_modules/next/dist/client/dev/hot-reloader/pages/hot-reloader-pages.js:206
[   74342ms] [LOG] [Fast Refresh] rebuilding @ webpack-internal:///(pages-dir-browser)/./node_modules/next/dist/client/dev/hot-reloader/pages/hot-reloader-pages.js:206
[   74363ms] [ERROR] Failed to load resource: the server responded with a status of 404 (Not Found) @ http://localhost:3000/_next/static/webpack/cf54367995c4a352.webpack.hot-update.json:0
[   74363ms] [WARNING] [Fast Refresh] performing full reload because your application had an unrecoverable error @ webpack-internal:///(pages-dir-browser)/./node_modules/next/dist/client/dev/hot-reloader/pages/hot-reloader-pages.js:347
[   74549ms] [LOG] [Fast Refresh] rebuilding @ webpack-internal:///(pages-dir-browser)/./node_modules/next/dist/client/dev/hot-reloader/pages/hot-reloader-pages.js:206
[   74563ms] [ERROR] Failed to load resource: the server responded with a status of 404 (Not Found) @ http://localhost:3000/_next/static/webpack/cf54367995c4a352.webpack.hot-update.json:0
[   74563ms] [WARNING] [Fast Refresh] performing full reload because your application had an unrecoverable error @ webpack-internal:///(pages-dir-browser)/./node_modules/next/dist/client/dev/hot-reloader/pages/hot-reloader-pages.js:347
[   74812ms] [ERROR] Failed to load resource: the server responded with a status of 500 (Internal Server Error) @ http://localhost:3000/captured-data:0
[   75209ms] [INFO] %cDownload the React DevTools for a better development experience: https://react.dev/link/react-devtools font-weight:bold @ webpack-internal:///(pages-dir-browser)/./node_modules/react-dom/cjs/react-dom-client.development.js:28004
[   75230ms] Error: Cannot find module './611.js'
Require stack:
- /Users/soumanpaul/Desktop/Desk/interview/products/cybershield-web/.next/server/webpack-runtime.js
- /Users/soumanpaul/Desktop/Desk/interview/products/cybershield-web/.next/server/pages/_document.js
- /Users/soumanpaul/Desktop/Desk/interview/products/cybershield-web/node_modules/next/dist/server/require.js
- /Users/soumanpaul/Desktop/Desk/interview/products/cybershield-web/node_modules/next/dist/server/load-components.js
- /Users/soumanpaul/Desktop/Desk/interview/products/cybershield-web/node_modules/next/dist/build/utils.js
- /Users/soumanpaul/Desktop/Desk/interview/products/cybershield-web/node_modules/next/dist/build/swc/options.js
- /Users/soumanpaul/Desktop/Desk/interview/products/cybershield-web/node_modules/next/dist/build/swc/index.js
- /Users/soumanpaul/Desktop/Desk/interview/products/cybershield-web/node_modules/next/dist/build/next-config-ts/transpile-config.js
- /Users/soumanpaul/Desktop/Desk/interview/products/cybershield-web/node_modules/next/dist/server/config.js
- /Users/soumanpaul/Desktop/Desk/interview/products/cybershield-web/node_modules/next/dist/server/next.js
- /Users/soumanpaul/Desktop/Desk/interview/products/cybershield-web/node_modules/next/dist/server/lib/start-server.js
    at Module.<anonymous> (node:internal/modules/cjs/loader:1569:15)
    at <unknown> (file:///Users/soumanpaul/Desktop/Desk/interview/products/cybershield-web/node_modules/next/dist/server/require-hook.js:57:36)
    at wrapResolveFilename (node:internal/modules/cjs/loader:1123:27)
    at defaultResolveImplForCJSLoading (node:internal/modules/cjs/loader:1147:10)
    at defaultResolve (node:internal/modules/cjs/loader:1204:20)
    at nextStep (node:internal/modules/customization_hooks:189:26)
    at He (file:///Users/soumanpaul/Desktop/Desk/interview/products/cybershield-web/node_modules/@tailwindcss/node/dist/index.js:1:1283)
    at nextStep (node:internal/modules/customization_hooks:189:26)
    at resolveWithHooks (node:internal/modules/customization_hooks:417:10)
    at resolveForCJSWithHooks (node:internal/modules/cjs/loader:1217:25)
    at Module._load (node:internal/modules/cjs/loader:1346:5)
    at wrapModuleLoad (node:internal/modules/cjs/loader:261:19)
    at Module.<anonymous> (node:internal/modules/cjs/loader:1679:12)
    at mod.require (file:///Users/soumanpaul/Desktop/Desk/interview/products/cybershield-web/node_modules/next/dist/server/require-hook.js:68:28)
    at require (node:internal/modules/helpers:196:16)
    at __webpack_require__.f.require (file:///Users/soumanpaul/Desktop/Desk/interview/products/cybershield-web/.next/server/webpack-runtime.js:195:28)
    at <unknown> (file:///Users/soumanpaul/Desktop/Desk/interview/products/cybershield-web/.next/server/webpack-runtime.js:103:40)
    at Array.reduce (<anonymous>)
    at __webpack_require__.e (file:///Users/soumanpaul/Desktop/Desk/interview/products/cybershield-web/.next/server/webpack-runtime.js:102:67)
    at Array.map (<anonymous>)
    at __webpack_require__.X (file:///Users/soumanpaul/Desktop/Desk/interview/products/cybershield-web/.next/server/webpack-runtime.js:154:22)
    at <unknown> (file:///Users/soumanpaul/Desktop/Desk/interview/products/cybershield-web/.next/server/pages/_document.js:1:325)
    at Object.<anonymous> (file:///Users/soumanpaul/Desktop/Desk/interview/products/cybershield-web/.next/server/pages/_document.js:1:371)
    at Module._compile (node:internal/modules/cjs/loader:1934:14)
    at Object..js (node:internal/modules/cjs/loader:2074:10)
    at Module.load (node:internal/modules/cjs/loader:1656:32)
    at Module._load (node:internal/modules/cjs/loader:1448:12)
    at wrapModuleLoad (node:internal/modules/cjs/loader:261:19)
    at Module.<anonymous> (node:internal/modules/cjs/loader:1679:12)
    at mod.require (file:///Users/soumanpaul/Desktop/Desk/interview/products/cybershield-web/node_modules/next/dist/server/require-hook.js:68:28)
    at require (node:internal/modules/helpers:196:16)
    at requirePage (file:///Users/soumanpaul/Desktop/Desk/interview/products/cybershield-web/node_modules/next/dist/server/require.js:99:80)
    at loadComponentsImpl (file:///Users/soumanpaul/Desktop/Desk/interview/products/cybershield-web/node_modules/next/dist/server/load-components.js:86:38)
    at DevServer.findPageComponentsImpl (file:///Users/soumanpaul/Desktop/Desk/interview/products/cybershield-web/node_modules/next/dist/server/next-server.js:900:77)
    at <unknown> (file:///Users/soumanpaul/Desktop/Desk/interview/products/cybershield-web/node_modules/next/dist/server/next-server.js:878:21)
    at <unknown> (file:///Users/soumanpaul/Desktop/Desk/interview/products/cybershield-web/node_modules/next/dist/server/lib/trace/tracer.js:184:36)
    at NoopContextManager.with (file:///Users/soumanpaul/Desktop/Desk/interview/products/cybershield-web/node_modules/next/dist/compiled/@opentelemetry/api/index.js:1:7062)
    at ContextAPI.with (file:///Users/soumanpaul/Desktop/Desk/interview/products/cybershield-web/node_modules/next/dist/compiled/@opentelemetry/api/index.js:1:518)
    at NoopTracer.startActiveSpan (file:///Users/soumanpaul/Desktop/Desk/interview/products/cybershield-web/node_modules/next/dist/compiled/@opentelemetry/api/index.js:1:18093)
    at ProxyTracer.startActiveSpan (file:///Users/soumanpaul/Desktop/Desk/interview/products/cybershield-web/node_modules/next/dist/compiled/@opentelemetry/api/index.js:1:18854)
    at <unknown> (file:///Users/soumanpaul/Desktop/Desk/interview/products/cybershield-web/node_modules/next/dist/server/lib/trace/tracer.js:153:103)
    at NoopContextManager.with (file:///Users/soumanpaul/Desktop/Desk/interview/products/cybershield-web/node_modules/next/dist/compiled/@opentelemetry/api/index.js:1:7062)
    at ContextAPI.with (file:///Users/soumanpaul/Desktop/Desk/interview/products/cybershield-web/node_modules/next/dist/compiled/@opentelemetry/api/index.js:1:518)
    at NextTracerImpl.trace (file:///Users/soumanpaul/Desktop/Desk/interview/products/cybershield-web/node_modules/next/dist/server/lib/trace/tracer.js:153:28)
    at DevServer.findPageComponents (file:///Users/soumanpaul/Desktop/Desk/interview/products/cybershield-web/node_modules/next/dist/server/next-server.js:873:41)
    at DevServer.findPageComponents (file:///Users/soumanpaul/Desktop/Desk/interview/products/cybershield-web/node_modules/next/dist/server/dev/next-dev-server.js:706:28)
    at async DevServer.renderErrorToResponseImpl (file:///Users/soumanpaul/Desktop/Desk/interview/products/cybershield-web/node_modules/next/dist/server/base-server.js:1695:26)
    at async pipe.req.req (file:///Users/soumanpaul/Desktop/Desk/interview/products/cybershield-web/node_modules/next/dist/server/base-server.js:1618:30)
    at async DevServer.pipeImpl (file:///Users/soumanpaul/Desktop/Desk/interview/products/cybershield-web/node_modules/next/dist/server/base-server.js:1026:25)
    at async NextNodeServer.handleCatchallRenderRequest (file:///Users/soumanpaul/Desktop/Desk/interview/products/cybershield-web/node_modules/next/dist/server/next-server.js:409:21)
[   75244ms] [LOG] [HMR] connected @ webpack-internal:///(pages-dir-browser)/./node_modules/next/dist/client/dev/hot-reloader/pages/websocket.js:45
[   75253ms] [LOG] [Fast Refresh] rebuilding @ webpack-internal:///(pages-dir-browser)/./node_modules/next/dist/client/dev/hot-reloader/pages/hot-reloader-pages.js:206
[   75661ms] [LOG] [Fast Refresh] rebuilding @ webpack-internal:///(pages-dir-browser)/./node_modules/next/dist/client/dev/hot-reloader/pages/hot-reloader-pages.js:206
[   75687ms] [ERROR] Failed to load resource: the server responded with a status of 404 (Not Found) @ http://localhost:3000/_next/static/webpack/cf54367995c4a352.webpack.hot-update.json:0
[   75688ms] [WARNING] [Fast Refresh] performing full reload because your application had an unrecoverable error @ webpack-internal:///(pages-dir-browser)/./node_modules/next/dist/client/dev/hot-reloader/pages/hot-reloader-pages.js:347
[   75826ms] [LOG] [Fast Refresh] rebuilding @ webpack-internal:///(pages-dir-browser)/./node_modules/next/dist/client/dev/hot-reloader/pages/hot-reloader-pages.js:206
[   75850ms] [ERROR] Failed to load resource: the server responded with a status of 404 (Not Found) @ http://localhost:3000/_next/static/webpack/cf54367995c4a352.webpack.hot-update.json:0
[   75850ms] [WARNING] [Fast Refresh] performing full reload because your application had an unrecoverable error @ webpack-internal:///(pages-dir-browser)/./node_modules/next/dist/client/dev/hot-reloader/pages/hot-reloader-pages.js:347
[   76068ms] [ERROR] Failed to load resource: the server responded with a status of 500 (Internal Server Error) @ http://localhost:3000/captured-data:0
[   76395ms] [INFO] %cDownload the React DevTools for a better development experience: https://react.dev/link/react-devtools font-weight:bold @ webpack-internal:///(pages-dir-browser)/./node_modules/react-dom/cjs/react-dom-client.development.js:28004
[   76407ms] Error: Cannot find module './611.js'
Require stack:
- /Users/soumanpaul/Desktop/Desk/interview/products/cybershield-web/.next/server/webpack-runtime.js
- /Users/soumanpaul/Desktop/Desk/interview/products/cybershield-web/.next/server/pages/_document.js
- /Users/soumanpaul/Desktop/Desk/interview/products/cybershield-web/node_modules/next/dist/server/require.js
- /Users/soumanpaul/Desktop/Desk/interview/products/cybershield-web/node_modules/next/dist/server/load-components.js
- /Users/soumanpaul/Desktop/Desk/interview/products/cybershield-web/node_modules/next/dist/build/utils.js
- /Users/soumanpaul/Desktop/Desk/interview/products/cybershield-web/node_modules/next/dist/build/swc/options.js
- /Users/soumanpaul/Desktop/Desk/interview/products/cybershield-web/node_modules/next/dist/build/swc/index.js
- /Users/soumanpaul/Desktop/Desk/interview/products/cybershield-web/node_modules/next/dist/build/next-config-ts/transpile-config.js
- /Users/soumanpaul/Desktop/Desk/interview/products/cybershield-web/node_modules/next/dist/server/config.js
- /Users/soumanpaul/Desktop/Desk/interview/products/cybershield-web/node_modules/next/dist/server/next.js
- /Users/soumanpaul/Desktop/Desk/interview/products/cybershield-web/node_modules/next/dist/server/lib/start-server.js
    at Module.<anonymous> (node:internal/modules/cjs/loader:1569:15)
    at <unknown> (file:///Users/soumanpaul/Desktop/Desk/interview/products/cybershield-web/node_modules/next/dist/server/require-hook.js:57:36)
    at wrapResolveFilename (node:internal/modules/cjs/loader:1123:27)
    at defaultResolveImplForCJSLoading (node:internal/modules/cjs/loader:1147:10)
    at defaultResolve (node:internal/modules/cjs/loader:1204:20)
    at nextStep (node:internal/modules/customization_hooks:189:26)
    at He (file:///Users/soumanpaul/Desktop/Desk/interview/products/cybershield-web/node_modules/@tailwindcss/node/dist/index.js:1:1283)
    at nextStep (node:internal/modules/customization_hooks:189:26)
    at resolveWithHooks (node:internal/modules/customization_hooks:417:10)
    at resolveForCJSWithHooks (node:internal/modules/cjs/loader:1217:25)
    at Module._load (node:internal/modules/cjs/loader:1346:5)
    at wrapModuleLoad (node:internal/modules/cjs/loader:261:19)
    at Module.<anonymous> (node:internal/modules/cjs/loader:1679:12)
    at mod.require (file:///Users/soumanpaul/Desktop/Desk/interview/products/cybershield-web/node_modules/next/dist/server/require-hook.js:68:28)
    at require (node:internal/modules/helpers:196:16)
    at __webpack_require__.f.require (file:///Users/soumanpaul/Desktop/Desk/interview/products/cybershield-web/.next/server/webpack-runtime.js:195:28)
    at <unknown> (file:///Users/soumanpaul/Desktop/Desk/interview/products/cybershield-web/.next/server/webpack-runtime.js:103:40)
    at Array.reduce (<anonymous>)
    at __webpack_require__.e (file:///Users/soumanpaul/Desktop/Desk/interview/products/cybershield-web/.next/server/webpack-runtime.js:102:67)
    at Array.map (<anonymous>)
    at __webpack_require__.X (file:///Users/soumanpaul/Desktop/Desk/interview/products/cybershield-web/.next/server/webpack-runtime.js:154:22)
    at <unknown> (file:///Users/soumanpaul/Desktop/Desk/interview/products/cybershield-web/.next/server/pages/_document.js:1:325)
    at Object.<anonymous> (file:///Users/soumanpaul/Desktop/Desk/interview/products/cybershield-web/.next/server/pages/_document.js:1:371)
    at Module._compile (node:internal/modules/cjs/loader:1934:14)
    at Object..js (node:internal/modules/cjs/loader:2074:10)
    at Module.load (node:internal/modules/cjs/loader:1656:32)
    at Module._load (node:internal/modules/cjs/loader:1448:12)
    at wrapModuleLoad (node:internal/modules/cjs/loader:261:19)
    at Module.<anonymous> (node:internal/modules/cjs/loader:1679:12)
    at mod.require (file:///Users/soumanpaul/Desktop/Desk/interview/products/cybershield-web/node_modules/next/dist/server/require-hook.js:68:28)
    at require (node:internal/modules/helpers:196:16)
    at requirePage (file:///Users/soumanpaul/Desktop/Desk/interview/products/cybershield-web/node_modules/next/dist/server/require.js:99:80)
    at loadComponentsImpl (file:///Users/soumanpaul/Desktop/Desk/interview/products/cybershield-web/node_modules/next/dist/server/load-components.js:86:38)
    at DevServer.findPageComponentsImpl (file:///Users/soumanpaul/Desktop/Desk/interview/products/cybershield-web/node_modules/next/dist/server/next-server.js:900:77)
    at <unknown> (file:///Users/soumanpaul/Desktop/Desk/interview/products/cybershield-web/node_modules/next/dist/server/next-server.js:878:21)
    at <unknown> (file:///Users/soumanpaul/Desktop/Desk/interview/products/cybershield-web/node_modules/next/dist/server/lib/trace/tracer.js:184:36)
    at NoopContextManager.with (file:///Users/soumanpaul/Desktop/Desk/interview/products/cybershield-web/node_modules/next/dist/compiled/@opentelemetry/api/index.js:1:7062)
    at ContextAPI.with (file:///Users/soumanpaul/Desktop/Desk/interview/products/cybershield-web/node_modules/next/dist/compiled/@opentelemetry/api/index.js:1:518)
    at NoopTracer.startActiveSpan (file:///Users/soumanpaul/Desktop/Desk/interview/products/cybershield-web/node_modules/next/dist/compiled/@opentelemetry/api/index.js:1:18093)
    at ProxyTracer.startActiveSpan (file:///Users/soumanpaul/Desktop/Desk/interview/products/cybershield-web/node_modules/next/dist/compiled/@opentelemetry/api/index.js:1:18854)
    at <unknown> (file:///Users/soumanpaul/Desktop/Desk/interview/products/cybershield-web/node_modules/next/dist/server/lib/trace/tracer.js:153:103)
    at NoopContextManager.with (file:///Users/soumanpaul/Desktop/Desk/interview/products/cybershield-web/node_modules/next/dist/compiled/@opentelemetry/api/index.js:1:7062)
    at ContextAPI.with (file:///Users/soumanpaul/Desktop/Desk/interview/products/cybershield-web/node_modules/next/dist/compiled/@opentelemetry/api/index.js:1:518)
    at NextTracerImpl.trace (file:///Users/soumanpaul/Desktop/Desk/interview/products/cybershield-web/node_modules/next/dist/server/lib/trace/tracer.js:153:28)
    at DevServer.findPageComponents (file:///Users/soumanpaul/Desktop/Desk/interview/products/cybershield-web/node_modules/next/dist/server/next-server.js:873:41)
    at DevServer.findPageComponents (file:///Users/soumanpaul/Desktop/Desk/interview/products/cybershield-web/node_modules/next/dist/server/dev/next-dev-server.js:706:28)
    at async DevServer.renderErrorToResponseImpl (file:///Users/soumanpaul/Desktop/Desk/interview/products/cybershield-web/node_modules/next/dist/server/base-server.js:1695:26)
    at async pipe.req.req (file:///Users/soumanpaul/Desktop/Desk/interview/products/cybershield-web/node_modules/next/dist/server/base-server.js:1618:30)
    at async DevServer.pipeImpl (file:///Users/soumanpaul/Desktop/Desk/interview/products/cybershield-web/node_modules/next/dist/server/base-server.js:1026:25)
    at async NextNodeServer.handleCatchallRenderRequest (file:///Users/soumanpaul/Desktop/Desk/interview/products/cybershield-web/node_modules/next/dist/server/next-server.js:409:21)
[   76408ms] [LOG] [HMR] connected @ webpack-internal:///(pages-dir-browser)/./node_modules/next/dist/client/dev/hot-reloader/pages/websocket.js:45
[   76410ms] [LOG] [Fast Refresh] rebuilding @ webpack-internal:///(pages-dir-browser)/./node_modules/next/dist/client/dev/hot-reloader/pages/hot-reloader-pages.js:206
[   76542ms] [LOG] [Fast Refresh] rebuilding @ webpack-internal:///(pages-dir-browser)/./node_modules/next/dist/client/dev/hot-reloader/pages/hot-reloader-pages.js:206
[   76547ms] [ERROR] Failed to load resource: the server responded with a status of 404 (Not Found) @ http://localhost:3000/_next/static/webpack/cf54367995c4a352.webpack.hot-update.json:0
[   76547ms] [WARNING] [Fast Refresh] performing full reload because your application had an unrecoverable error @ webpack-internal:///(pages-dir-browser)/./node_modules/next/dist/client/dev/hot-reloader/pages/hot-reloader-pages.js:347
[   76674ms] [LOG] [Fast Refresh] rebuilding @ webpack-internal:///(pages-dir-browser)/./node_modules/next/dist/client/dev/hot-reloader/pages/hot-reloader-pages.js:206
[   76688ms] [ERROR] Failed to load resource: the server responded with a status of 404 (Not Found) @ http://localhost:3000/_next/static/webpack/cf54367995c4a352.webpack.hot-update.json:0
[   76688ms] [WARNING] [Fast Refresh] performing full reload because your application had an unrecoverable error @ webpack-internal:///(pages-dir-browser)/./node_modules/next/dist/client/dev/hot-reloader/pages/hot-reloader-pages.js:347
[   77138ms] [ERROR] Failed to load resource: the server responded with a status of 500 (Internal Server Error) @ http://localhost:3000/captured-data:0
[   77442ms] [INFO] %cDownload the React DevTools for a better development experience: https://react.dev/link/react-devtools font-weight:bold @ webpack-internal:///(pages-dir-browser)/./node_modules/react-dom/cjs/react-dom-client.development.js:28004
[   77451ms] Error: Cannot find module './611.js'
Require stack:
- /Users/soumanpaul/Desktop/Desk/interview/products/cybershield-web/.next/server/webpack-runtime.js
- /Users/soumanpaul/Desktop/Desk/interview/products/cybershield-web/.next/server/pages/_document.js
- /Users/soumanpaul/Desktop/Desk/interview/products/cybershield-web/node_modules/next/dist/server/require.js
- /Users/soumanpaul/Desktop/Desk/interview/products/cybershield-web/node_modules/next/dist/server/load-components.js
- /Users/soumanpaul/Desktop/Desk/interview/products/cybershield-web/node_modules/next/dist/build/utils.js
- /Users/soumanpaul/Desktop/Desk/interview/products/cybershield-web/node_modules/next/dist/build/swc/options.js
- /Users/soumanpaul/Desktop/Desk/interview/products/cybershield-web/node_modules/next/dist/build/swc/index.js
- /Users/soumanpaul/Desktop/Desk/interview/products/cybershield-web/node_modules/next/dist/build/next-config-ts/transpile-config.js
- /Users/soumanpaul/Desktop/Desk/interview/products/cybershield-web/node_modules/next/dist/server/config.js
- /Users/soumanpaul/Desktop/Desk/interview/products/cybershield-web/node_modules/next/dist/server/next.js
- /Users/soumanpaul/Desktop/Desk/interview/products/cybershield-web/node_modules/next/dist/server/lib/start-server.js
    at Module.<anonymous> (node:internal/modules/cjs/loader:1569:15)
    at <unknown> (file:///Users/soumanpaul/Desktop/Desk/interview/products/cybershield-web/node_modules/next/dist/server/require-hook.js:57:36)
    at wrapResolveFilename (node:internal/modules/cjs/loader:1123:27)
    at defaultResolveImplForCJSLoading (node:internal/modules/cjs/loader:1147:10)
    at defaultResolve (node:internal/modules/cjs/loader:1204:20)
    at nextStep (node:internal/modules/customization_hooks:189:26)
    at He (file:///Users/soumanpaul/Desktop/Desk/interview/products/cybershield-web/node_modules/@tailwindcss/node/dist/index.js:1:1283)
    at nextStep (node:internal/modules/customization_hooks:189:26)
    at resolveWithHooks (node:internal/modules/customization_hooks:417:10)
    at resolveForCJSWithHooks (node:internal/modules/cjs/loader:1217:25)
    at Module._load (node:internal/modules/cjs/loader:1346:5)
    at wrapModuleLoad (node:internal/modules/cjs/loader:261:19)
    at Module.<anonymous> (node:internal/modules/cjs/loader:1679:12)
    at mod.require (file:///Users/soumanpaul/Desktop/Desk/interview/products/cybershield-web/node_modules/next/dist/server/require-hook.js:68:28)
    at require (node:internal/modules/helpers:196:16)
    at __webpack_require__.f.require (file:///Users/soumanpaul/Desktop/Desk/interview/products/cybershield-web/.next/server/webpack-runtime.js:195:28)
    at <unknown> (file:///Users/soumanpaul/Desktop/Desk/interview/products/cybershield-web/.next/server/webpack-runtime.js:103:40)
    at Array.reduce (<anonymous>)
    at __webpack_require__.e (file:///Users/soumanpaul/Desktop/Desk/interview/products/cybershield-web/.next/server/webpack-runtime.js:102:67)
    at Array.map (<anonymous>)
    at __webpack_require__.X (file:///Users/soumanpaul/Desktop/Desk/interview/products/cybershield-web/.next/server/webpack-runtime.js:154:22)
    at <unknown> (file:///Users/soumanpaul/Desktop/Desk/interview/products/cybershield-web/.next/server/pages/_document.js:1:325)
    at Object.<anonymous> (file:///Users/soumanpaul/Desktop/Desk/interview/products/cybershield-web/.next/server/pages/_document.js:1:371)
    at Module._compile (node:internal/modules/cjs/loader:1934:14)
    at Object..js (node:internal/modules/cjs/loader:2074:10)
    at Module.load (node:internal/modules/cjs/loader:1656:32)
    at Module._load (node:internal/modules/cjs/loader:1448:12)
    at wrapModuleLoad (node:internal/modules/cjs/loader:261:19)
    at Module.<anonymous> (node:internal/modules/cjs/loader:1679:12)
    at mod.require (file:///Users/soumanpaul/Desktop/Desk/interview/products/cybershield-web/node_modules/next/dist/server/require-hook.js:68:28)
    at require (node:internal/modules/helpers:196:16)
    at requirePage (file:///Users/soumanpaul/Desktop/Desk/interview/products/cybershield-web/node_modules/next/dist/server/require.js:99:80)
    at loadComponentsImpl (file:///Users/soumanpaul/Desktop/Desk/interview/products/cybershield-web/node_modules/next/dist/server/load-components.js:86:38)
    at DevServer.findPageComponentsImpl (file:///Users/soumanpaul/Desktop/Desk/interview/products/cybershield-web/node_modules/next/dist/server/next-server.js:900:77)
    at <unknown> (file:///Users/soumanpaul/Desktop/Desk/interview/products/cybershield-web/node_modules/next/dist/server/next-server.js:878:21)
    at <unknown> (file:///Users/soumanpaul/Desktop/Desk/interview/products/cybershield-web/node_modules/next/dist/server/lib/trace/tracer.js:184:36)
    at NoopContextManager.with (file:///Users/soumanpaul/Desktop/Desk/interview/products/cybershield-web/node_modules/next/dist/compiled/@opentelemetry/api/index.js:1:7062)
    at ContextAPI.with (file:///Users/soumanpaul/Desktop/Desk/interview/products/cybershield-web/node_modules/next/dist/compiled/@opentelemetry/api/index.js:1:518)
    at NoopTracer.startActiveSpan (file:///Users/soumanpaul/Desktop/Desk/interview/products/cybershield-web/node_modules/next/dist/compiled/@opentelemetry/api/index.js:1:18093)
    at ProxyTracer.startActiveSpan (file:///Users/soumanpaul/Desktop/Desk/interview/products/cybershield-web/node_modules/next/dist/compiled/@opentelemetry/api/index.js:1:18854)
    at <unknown> (file:///Users/soumanpaul/Desktop/Desk/interview/products/cybershield-web/node_modules/next/dist/server/lib/trace/tracer.js:153:103)
    at NoopContextManager.with (file:///Users/soumanpaul/Desktop/Desk/interview/products/cybershield-web/node_modules/next/dist/compiled/@opentelemetry/api/index.js:1:7062)
    at ContextAPI.with (file:///Users/soumanpaul/Desktop/Desk/interview/products/cybershield-web/node_modules/next/dist/compiled/@opentelemetry/api/index.js:1:518)
    at NextTracerImpl.trace (file:///Users/soumanpaul/Desktop/Desk/interview/products/cybershield-web/node_modules/next/dist/server/lib/trace/tracer.js:153:28)
    at DevServer.findPageComponents (file:///Users/soumanpaul/Desktop/Desk/interview/products/cybershield-web/node_modules/next/dist/server/next-server.js:873:41)
    at DevServer.findPageComponents (file:///Users/soumanpaul/Desktop/Desk/interview/products/cybershield-web/node_modules/next/dist/server/dev/next-dev-server.js:706:28)
    at async DevServer.renderErrorToResponseImpl (file:///Users/soumanpaul/Desktop/Desk/interview/products/cybershield-web/node_modules/next/dist/server/base-server.js:1695:26)
    at async pipe.req.req (file:///Users/soumanpaul/Desktop/Desk/interview/products/cybershield-web/node_modules/next/dist/server/base-server.js:1618:30)
    at async DevServer.pipeImpl (file:///Users/soumanpaul/Desktop/Desk/interview/products/cybershield-web/node_modules/next/dist/server/base-server.js:1026:25)
    at async NextNodeServer.handleCatchallRenderRequest (file:///Users/soumanpaul/Desktop/Desk/interview/products/cybershield-web/node_modules/next/dist/server/next-server.js:409:21)
[   77452ms] [LOG] [HMR] connected @ webpack-internal:///(pages-dir-browser)/./node_modules/next/dist/client/dev/hot-reloader/pages/websocket.js:45
[   77453ms] [LOG] [Fast Refresh] rebuilding @ webpack-internal:///(pages-dir-browser)/./node_modules/next/dist/client/dev/hot-reloader/pages/hot-reloader-pages.js:206
[   77567ms] [LOG] [Fast Refresh] rebuilding @ webpack-internal:///(pages-dir-browser)/./node_modules/next/dist/client/dev/hot-reloader/pages/hot-reloader-pages.js:206
[   77570ms] [ERROR] Failed to load resource: the server responded with a status of 404 (Not Found) @ http://localhost:3000/_next/static/webpack/cf54367995c4a352.webpack.hot-update.json:0
[   77570ms] [WARNING] [Fast Refresh] performing full reload because your application had an unrecoverable error @ webpack-internal:///(pages-dir-browser)/./node_modules/next/dist/client/dev/hot-reloader/pages/hot-reloader-pages.js:347
[   77681ms] [LOG] [Fast Refresh] rebuilding @ webpack-internal:///(pages-dir-browser)/./node_modules/next/dist/client/dev/hot-reloader/pages/hot-reloader-pages.js:206
[   77690ms] [ERROR] Failed to load resource: the server responded with a status of 404 (Not Found) @ http://localhost:3000/_next/static/webpack/cf54367995c4a352.webpack.hot-update.json:0
[   77690ms] [WARNING] [Fast Refresh] performing full reload because your application had an unrecoverable error @ webpack-internal:///(pages-dir-browser)/./node_modules/next/dist/client/dev/hot-reloader/pages/hot-reloader-pages.js:347
[   77872ms] [ERROR] Failed to load resource: the server responded with a status of 500 (Internal Server Error) @ http://localhost:3000/captured-data:0
[   78095ms] [INFO] %cDownload the React DevTools for a better development experience: https://react.dev/link/react-devtools font-weight:bold @ webpack-internal:///(pages-dir-browser)/./node_modules/react-dom/cjs/react-dom-client.development.js:28004
[   78104ms] Error: Cannot find module './611.js'
Require stack:
- /Users/soumanpaul/Desktop/Desk/interview/products/cybershield-web/.next/server/webpack-runtime.js
- /Users/soumanpaul/Desktop/Desk/interview/products/cybershield-web/.next/server/pages/_document.js
- /Users/soumanpaul/Desktop/Desk/interview/products/cybershield-web/node_modules/next/dist/server/require.js
- /Users/soumanpaul/Desktop/Desk/interview/products/cybershield-web/node_modules/next/dist/server/load-components.js
- /Users/soumanpaul/Desktop/Desk/interview/products/cybershield-web/node_modules/next/dist/build/utils.js
- /Users/soumanpaul/Desktop/Desk/interview/products/cybershield-web/node_modules/next/dist/build/swc/options.js
- /Users/soumanpaul/Desktop/Desk/interview/products/cybershield-web/node_modules/next/dist/build/swc/index.js
- /Users/soumanpaul/Desktop/Desk/interview/products/cybershield-web/node_modules/next/dist/build/next-config-ts/transpile-config.js
- /Users/soumanpaul/Desktop/Desk/interview/products/cybershield-web/node_modules/next/dist/server/config.js
- /Users/soumanpaul/Desktop/Desk/interview/products/cybershield-web/node_modules/next/dist/server/next.js
- /Users/soumanpaul/Desktop/Desk/interview/products/cybershield-web/node_modules/next/dist/server/lib/start-server.js
    at Module.<anonymous> (node:internal/modules/cjs/loader:1569:15)
    at <unknown> (file:///Users/soumanpaul/Desktop/Desk/interview/products/cybershield-web/node_modules/next/dist/server/require-hook.js:57:36)
    at wrapResolveFilename (node:internal/modules/cjs/loader:1123:27)
    at defaultResolveImplForCJSLoading (node:internal/modules/cjs/loader:1147:10)
    at defaultResolve (node:internal/modules/cjs/loader:1204:20)
    at nextStep (node:internal/modules/customization_hooks:189:26)
    at He (file:///Users/soumanpaul/Desktop/Desk/interview/products/cybershield-web/node_modules/@tailwindcss/node/dist/index.js:1:1283)
    at nextStep (node:internal/modules/customization_hooks:189:26)
    at resolveWithHooks (node:internal/modules/customization_hooks:417:10)
    at resolveForCJSWithHooks (node:internal/modules/cjs/loader:1217:25)
    at Module._load (node:internal/modules/cjs/loader:1346:5)
    at wrapModuleLoad (node:internal/modules/cjs/loader:261:19)
    at Module.<anonymous> (node:internal/modules/cjs/loader:1679:12)
    at mod.require (file:///Users/soumanpaul/Desktop/Desk/interview/products/cybershield-web/node_modules/next/dist/server/require-hook.js:68:28)
    at require (node:internal/modules/helpers:196:16)
    at __webpack_require__.f.require (file:///Users/soumanpaul/Desktop/Desk/interview/products/cybershield-web/.next/server/webpack-runtime.js:195:28)
    at <unknown> (file:///Users/soumanpaul/Desktop/Desk/interview/products/cybershield-web/.next/server/webpack-runtime.js:103:40)
    at Array.reduce (<anonymous>)
    at __webpack_require__.e (file:///Users/soumanpaul/Desktop/Desk/interview/products/cybershield-web/.next/server/webpack-runtime.js:102:67)
    at Array.map (<anonymous>)
    at __webpack_require__.X (file:///Users/soumanpaul/Desktop/Desk/interview/products/cybershield-web/.next/server/webpack-runtime.js:154:22)
    at <unknown> (file:///Users/soumanpaul/Desktop/Desk/interview/products/cybershield-web/.next/server/pages/_document.js:1:325)
    at Object.<anonymous> (file:///Users/soumanpaul/Desktop/Desk/interview/products/cybershield-web/.next/server/pages/_document.js:1:371)
    at Module._compile (node:internal/modules/cjs/loader:1934:14)
    at Object..js (node:internal/modules/cjs/loader:2074:10)
    at Module.load (node:internal/modules/cjs/loader:1656:32)
    at Module._load (node:internal/modules/cjs/loader:1448:12)
    at wrapModuleLoad (node:internal/modules/cjs/loader:261:19)
    at Module.<anonymous> (node:internal/modules/cjs/loader:1679:12)
    at mod.require (file:///Users/soumanpaul/Desktop/Desk/interview/products/cybershield-web/node_modules/next/dist/server/require-hook.js:68:28)
    at require (node:internal/modules/helpers:196:16)
    at requirePage (file:///Users/soumanpaul/Desktop/Desk/interview/products/cybershield-web/node_modules/next/dist/server/require.js:99:80)
    at loadComponentsImpl (file:///Users/soumanpaul/Desktop/Desk/interview/products/cybershield-web/node_modules/next/dist/server/load-components.js:86:38)
    at DevServer.findPageComponentsImpl (file:///Users/soumanpaul/Desktop/Desk/interview/products/cybershield-web/node_modules/next/dist/server/next-server.js:900:77)
    at <unknown> (file:///Users/soumanpaul/Desktop/Desk/interview/products/cybershield-web/node_modules/next/dist/server/next-server.js:878:21)
    at <unknown> (file:///Users/soumanpaul/Desktop/Desk/interview/products/cybershield-web/node_modules/next/dist/server/lib/trace/tracer.js:184:36)
    at NoopContextManager.with (file:///Users/soumanpaul/Desktop/Desk/interview/products/cybershield-web/node_modules/next/dist/compiled/@opentelemetry/api/index.js:1:7062)
    at ContextAPI.with (file:///Users/soumanpaul/Desktop/Desk/interview/products/cybershield-web/node_modules/next/dist/compiled/@opentelemetry/api/index.js:1:518)
    at NoopTracer.startActiveSpan (file:///Users/soumanpaul/Desktop/Desk/interview/products/cybershield-web/node_modules/next/dist/compiled/@opentelemetry/api/index.js:1:18093)
    at ProxyTracer.startActiveSpan (file:///Users/soumanpaul/Desktop/Desk/interview/products/cybershield-web/node_modules/next/dist/compiled/@opentelemetry/api/index.js:1:18854)
    at <unknown> (file:///Users/soumanpaul/Desktop/Desk/interview/products/cybershield-web/node_modules/next/dist/server/lib/trace/tracer.js:153:103)
    at NoopContextManager.with (file:///Users/soumanpaul/Desktop/Desk/interview/products/cybershield-web/node_modules/next/dist/compiled/@opentelemetry/api/index.js:1:7062)
    at ContextAPI.with (file:///Users/soumanpaul/Desktop/Desk/interview/products/cybershield-web/node_modules/next/dist/compiled/@opentelemetry/api/index.js:1:518)
    at NextTracerImpl.trace (file:///Users/soumanpaul/Desktop/Desk/interview/products/cybershield-web/node_modules/next/dist/server/lib/trace/tracer.js:153:28)
    at DevServer.findPageComponents (file:///Users/soumanpaul/Desktop/Desk/interview/products/cybershield-web/node_modules/next/dist/server/next-server.js:873:41)
    at DevServer.findPageComponents (file:///Users/soumanpaul/Desktop/Desk/interview/products/cybershield-web/node_modules/next/dist/server/dev/next-dev-server.js:706:28)
    at async DevServer.renderErrorToResponseImpl (file:///Users/soumanpaul/Desktop/Desk/interview/products/cybershield-web/node_modules/next/dist/server/base-server.js:1695:26)
    at async pipe.req.req (file:///Users/soumanpaul/Desktop/Desk/interview/products/cybershield-web/node_modules/next/dist/server/base-server.js:1618:30)
    at async DevServer.pipeImpl (file:///Users/soumanpaul/Desktop/Desk/interview/products/cybershield-web/node_modules/next/dist/server/base-server.js:1026:25)
    at async NextNodeServer.handleCatchallRenderRequest (file:///Users/soumanpaul/Desktop/Desk/interview/products/cybershield-web/node_modules/next/dist/server/next-server.js:409:21)
[   78105ms] [LOG] [HMR] connected @ webpack-internal:///(pages-dir-browser)/./node_modules/next/dist/client/dev/hot-reloader/pages/websocket.js:45
[   78149ms] [LOG] [Fast Refresh] rebuilding @ webpack-internal:///(pages-dir-browser)/./node_modules/next/dist/client/dev/hot-reloader/pages/hot-reloader-pages.js:206
[   78254ms] [LOG] [Fast Refresh] rebuilding @ webpack-internal:///(pages-dir-browser)/./node_modules/next/dist/client/dev/hot-reloader/pages/hot-reloader-pages.js:206
[   78259ms] [ERROR] Failed to load resource: the server responded with a status of 404 (Not Found) @ http://localhost:3000/_next/static/webpack/cf54367995c4a352.webpack.hot-update.json:0
[   78259ms] [WARNING] [Fast Refresh] performing full reload because your application had an unrecoverable error @ webpack-internal:///(pages-dir-browser)/./node_modules/next/dist/client/dev/hot-reloader/pages/hot-reloader-pages.js:347
[   78360ms] [LOG] [Fast Refresh] rebuilding @ webpack-internal:///(pages-dir-browser)/./node_modules/next/dist/client/dev/hot-reloader/pages/hot-reloader-pages.js:206
[   78369ms] [ERROR] Failed to load resource: the server responded with a status of 404 (Not Found) @ http://localhost:3000/_next/static/webpack/cf54367995c4a352.webpack.hot-update.json:0
[   78369ms] [WARNING] [Fast Refresh] performing full reload because your application had an unrecoverable error @ webpack-internal:///(pages-dir-browser)/./node_modules/next/dist/client/dev/hot-reloader/pages/hot-reloader-pages.js:347
[   78544ms] [ERROR] Failed to load resource: the server responded with a status of 500 (Internal Server Error) @ http://localhost:3000/captured-data:0
[   78796ms] [INFO] %cDownload the React DevTools for a better development experience: https://react.dev/link/react-devtools font-weight:bold @ webpack-internal:///(pages-dir-browser)/./node_modules/react-dom/cjs/react-dom-client.development.js:28004
[   78804ms] Error: Cannot find module './611.js'
Require stack:
- /Users/soumanpaul/Desktop/Desk/interview/products/cybershield-web/.next/server/webpack-runtime.js
- /Users/soumanpaul/Desktop/Desk/interview/products/cybershield-web/.next/server/pages/_document.js
- /Users/soumanpaul/Desktop/Desk/interview/products/cybershield-web/node_modules/next/dist/server/require.js
- /Users/soumanpaul/Desktop/Desk/interview/products/cybershield-web/node_modules/next/dist/server/load-components.js
- /Users/soumanpaul/Desktop/Desk/interview/products/cybershield-web/node_modules/next/dist/build/utils.js
- /Users/soumanpaul/Desktop/Desk/interview/products/cybershield-web/node_modules/next/dist/build/swc/options.js
- /Users/soumanpaul/Desktop/Desk/interview/products/cybershield-web/node_modules/next/dist/build/swc/index.js
- /Users/soumanpaul/Desktop/Desk/interview/products/cybershield-web/node_modules/next/dist/build/next-config-ts/transpile-config.js
- /Users/soumanpaul/Desktop/Desk/interview/products/cybershield-web/node_modules/next/dist/server/config.js
- /Users/soumanpaul/Desktop/Desk/interview/products/cybershield-web/node_modules/next/dist/server/next.js
- /Users/soumanpaul/Desktop/Desk/interview/products/cybershield-web/node_modules/next/dist/server/lib/start-server.js
    at Module.<anonymous> (node:internal/modules/cjs/loader:1569:15)
    at <unknown> (file:///Users/soumanpaul/Desktop/Desk/interview/products/cybershield-web/node_modules/next/dist/server/require-hook.js:57:36)
    at wrapResolveFilename (node:internal/modules/cjs/loader:1123:27)
    at defaultResolveImplForCJSLoading (node:internal/modules/cjs/loader:1147:10)
    at defaultResolve (node:internal/modules/cjs/loader:1204:20)
    at nextStep (node:internal/modules/customization_hooks:189:26)
    at He (file:///Users/soumanpaul/Desktop/Desk/interview/products/cybershield-web/node_modules/@tailwindcss/node/dist/index.js:1:1283)
    at nextStep (node:internal/modules/customization_hooks:189:26)
    at resolveWithHooks (node:internal/modules/customization_hooks:417:10)
    at resolveForCJSWithHooks (node:internal/modules/cjs/loader:1217:25)
    at Module._load (node:internal/modules/cjs/loader:1346:5)
    at wrapModuleLoad (node:internal/modules/cjs/loader:261:19)
    at Module.<anonymous> (node:internal/modules/cjs/loader:1679:12)
    at mod.require (file:///Users/soumanpaul/Desktop/Desk/interview/products/cybershield-web/node_modules/next/dist/server/require-hook.js:68:28)
    at require (node:internal/modules/helpers:196:16)
    at __webpack_require__.f.require (file:///Users/soumanpaul/Desktop/Desk/interview/products/cybershield-web/.next/server/webpack-runtime.js:195:28)
    at <unknown> (file:///Users/soumanpaul/Desktop/Desk/interview/products/cybershield-web/.next/server/webpack-runtime.js:103:40)
    at Array.reduce (<anonymous>)
    at __webpack_require__.e (file:///Users/soumanpaul/Desktop/Desk/interview/products/cybershield-web/.next/server/webpack-runtime.js:102:67)
    at Array.map (<anonymous>)
    at __webpack_require__.X (file:///Users/soumanpaul/Desktop/Desk/interview/products/cybershield-web/.next/server/webpack-runtime.js:154:22)
    at <unknown> (file:///Users/soumanpaul/Desktop/Desk/interview/products/cybershield-web/.next/server/pages/_document.js:1:325)
    at Object.<anonymous> (file:///Users/soumanpaul/Desktop/Desk/interview/products/cybershield-web/.next/server/pages/_document.js:1:371)
    at Module._compile (node:internal/modules/cjs/loader:1934:14)
    at Object..js (node:internal/modules/cjs/loader:2074:10)
    at Module.load (node:internal/modules/cjs/loader:1656:32)
    at Module._load (node:internal/modules/cjs/loader:1448:12)
    at wrapModuleLoad (node:internal/modules/cjs/loader:261:19)
    at Module.<anonymous> (node:internal/modules/cjs/loader:1679:12)
    at mod.require (file:///Users/soumanpaul/Desktop/Desk/interview/products/cybershield-web/node_modules/next/dist/server/require-hook.js:68:28)
    at require (node:internal/modules/helpers:196:16)
    at requirePage (file:///Users/soumanpaul/Desktop/Desk/interview/products/cybershield-web/node_modules/next/dist/server/require.js:99:80)
    at loadComponentsImpl (file:///Users/soumanpaul/Desktop/Desk/interview/products/cybershield-web/node_modules/next/dist/server/load-components.js:86:38)
    at DevServer.findPageComponentsImpl (file:///Users/soumanpaul/Desktop/Desk/interview/products/cybershield-web/node_modules/next/dist/server/next-server.js:900:77)
    at <unknown> (file:///Users/soumanpaul/Desktop/Desk/interview/products/cybershield-web/node_modules/next/dist/server/next-server.js:878:21)
    at <unknown> (file:///Users/soumanpaul/Desktop/Desk/interview/products/cybershield-web/node_modules/next/dist/server/lib/trace/tracer.js:184:36)
    at NoopContextManager.with (file:///Users/soumanpaul/Desktop/Desk/interview/products/cybershield-web/node_modules/next/dist/compiled/@opentelemetry/api/index.js:1:7062)
    at ContextAPI.with (file:///Users/soumanpaul/Desktop/Desk/interview/products/cybershield-web/node_modules/next/dist/compiled/@opentelemetry/api/index.js:1:518)
    at NoopTracer.startActiveSpan (file:///Users/soumanpaul/Desktop/Desk/interview/products/cybershield-web/node_modules/next/dist/compiled/@opentelemetry/api/index.js:1:18093)
    at ProxyTracer.startActiveSpan (file:///Users/soumanpaul/Desktop/Desk/interview/products/cybershield-web/node_modules/next/dist/compiled/@opentelemetry/api/index.js:1:18854)
    at <unknown> (file:///Users/soumanpaul/Desktop/Desk/interview/products/cybershield-web/node_modules/next/dist/server/lib/trace/tracer.js:153:103)
    at NoopContextManager.with (file:///Users/soumanpaul/Desktop/Desk/interview/products/cybershield-web/node_modules/next/dist/compiled/@opentelemetry/api/index.js:1:7062)
    at ContextAPI.with (file:///Users/soumanpaul/Desktop/Desk/interview/products/cybershield-web/node_modules/next/dist/compiled/@opentelemetry/api/index.js:1:518)
    at NextTracerImpl.trace (file:///Users/soumanpaul/Desktop/Desk/interview/products/cybershield-web/node_modules/next/dist/server/lib/trace/tracer.js:153:28)
    at DevServer.findPageComponents (file:///Users/soumanpaul/Desktop/Desk/interview/products/cybershield-web/node_modules/next/dist/server/next-server.js:873:41)
    at DevServer.findPageComponents (file:///Users/soumanpaul/Desktop/Desk/interview/products/cybershield-web/node_modules/next/dist/server/dev/next-dev-server.js:706:28)
    at async DevServer.renderErrorToResponseImpl (file:///Users/soumanpaul/Desktop/Desk/interview/products/cybershield-web/node_modules/next/dist/server/base-server.js:1695:26)
    at async pipe.req.req (file:///Users/soumanpaul/Desktop/Desk/interview/products/cybershield-web/node_modules/next/dist/server/base-server.js:1618:30)
    at async DevServer.pipeImpl (file:///Users/soumanpaul/Desktop/Desk/interview/products/cybershield-web/node_modules/next/dist/server/base-server.js:1026:25)
    at async NextNodeServer.handleCatchallRenderRequest (file:///Users/soumanpaul/Desktop/Desk/interview/products/cybershield-web/node_modules/next/dist/server/next-server.js:409:21)
[   78805ms] [LOG] [HMR] connected @ webpack-internal:///(pages-dir-browser)/./node_modules/next/dist/client/dev/hot-reloader/pages/websocket.js:45
[   78816ms] [LOG] [Fast Refresh] rebuilding @ webpack-internal:///(pages-dir-browser)/./node_modules/next/dist/client/dev/hot-reloader/pages/hot-reloader-pages.js:206
[   78924ms] [LOG] [Fast Refresh] rebuilding @ webpack-internal:///(pages-dir-browser)/./node_modules/next/dist/client/dev/hot-reloader/pages/hot-reloader-pages.js:206
[   78927ms] [ERROR] Failed to load resource: the server responded with a status of 404 (Not Found) @ http://localhost:3000/_next/static/webpack/cf54367995c4a352.webpack.hot-update.json:0
[   78927ms] [WARNING] [Fast Refresh] performing full reload because your application had an unrecoverable error @ webpack-internal:///(pages-dir-browser)/./node_modules/next/dist/client/dev/hot-reloader/pages/hot-reloader-pages.js:347
[   79026ms] [LOG] [Fast Refresh] rebuilding @ webpack-internal:///(pages-dir-browser)/./node_modules/next/dist/client/dev/hot-reloader/pages/hot-reloader-pages.js:206
[   79033ms] [ERROR] Failed to load resource: the server responded with a status of 404 (Not Found) @ http://localhost:3000/_next/static/webpack/cf54367995c4a352.webpack.hot-update.json:0
[   79033ms] [WARNING] [Fast Refresh] performing full reload because your application had an unrecoverable error @ webpack-internal:///(pages-dir-browser)/./node_modules/next/dist/client/dev/hot-reloader/pages/hot-reloader-pages.js:347
[   79223ms] [ERROR] Failed to load resource: the server responded with a status of 500 (Internal Server Error) @ http://localhost:3000/captured-data:0
[   79578ms] [INFO] %cDownload the React DevTools for a better development experience: https://react.dev/link/react-devtools font-weight:bold @ webpack-internal:///(pages-dir-browser)/./node_modules/react-dom/cjs/react-dom-client.development.js:28004
[   79587ms] Error: Cannot find module './611.js'
Require stack:
- /Users/soumanpaul/Desktop/Desk/interview/products/cybershield-web/.next/server/webpack-runtime.js
- /Users/soumanpaul/Desktop/Desk/interview/products/cybershield-web/.next/server/pages/_document.js
- /Users/soumanpaul/Desktop/Desk/interview/products/cybershield-web/node_modules/next/dist/server/require.js
- /Users/soumanpaul/Desktop/Desk/interview/products/cybershield-web/node_modules/next/dist/server/load-components.js
- /Users/soumanpaul/Desktop/Desk/interview/products/cybershield-web/node_modules/next/dist/build/utils.js
- /Users/soumanpaul/Desktop/Desk/interview/products/cybershield-web/node_modules/next/dist/build/swc/options.js
- /Users/soumanpaul/Desktop/Desk/interview/products/cybershield-web/node_modules/next/dist/build/swc/index.js
- /Users/soumanpaul/Desktop/Desk/interview/products/cybershield-web/node_modules/next/dist/build/next-config-ts/transpile-config.js
- /Users/soumanpaul/Desktop/Desk/interview/products/cybershield-web/node_modules/next/dist/server/config.js
- /Users/soumanpaul/Desktop/Desk/interview/products/cybershield-web/node_modules/next/dist/server/next.js
- /Users/soumanpaul/Desktop/Desk/interview/products/cybershield-web/node_modules/next/dist/server/lib/start-server.js
    at Module.<anonymous> (node:internal/modules/cjs/loader:1569:15)
    at <unknown> (file:///Users/soumanpaul/Desktop/Desk/interview/products/cybershield-web/node_modules/next/dist/server/require-hook.js:57:36)
    at wrapResolveFilename (node:internal/modules/cjs/loader:1123:27)
    at defaultResolveImplForCJSLoading (node:internal/modules/cjs/loader:1147:10)
    at defaultResolve (node:internal/modules/cjs/loader:1204:20)
    at nextStep (node:internal/modules/customization_hooks:189:26)
    at He (file:///Users/soumanpaul/Desktop/Desk/interview/products/cybershield-web/node_modules/@tailwindcss/node/dist/index.js:1:1283)
    at nextStep (node:internal/modules/customization_hooks:189:26)
    at resolveWithHooks (node:internal/modules/customization_hooks:417:10)
    at resolveForCJSWithHooks (node:internal/modules/cjs/loader:1217:25)
    at Module._load (node:internal/modules/cjs/loader:1346:5)
    at wrapModuleLoad (node:internal/modules/cjs/loader:261:19)
    at Module.<anonymous> (node:internal/modules/cjs/loader:1679:12)
    at mod.require (file:///Users/soumanpaul/Desktop/Desk/interview/products/cybershield-web/node_modules/next/dist/server/require-hook.js:68:28)
    at require (node:internal/modules/helpers:196:16)
    at __webpack_require__.f.require (file:///Users/soumanpaul/Desktop/Desk/interview/products/cybershield-web/.next/server/webpack-runtime.js:195:28)
    at <unknown> (file:///Users/soumanpaul/Desktop/Desk/interview/products/cybershield-web/.next/server/webpack-runtime.js:103:40)
    at Array.reduce (<anonymous>)
    at __webpack_require__.e (file:///Users/soumanpaul/Desktop/Desk/interview/products/cybershield-web/.next/server/webpack-runtime.js:102:67)
    at Array.map (<anonymous>)
    at __webpack_require__.X (file:///Users/soumanpaul/Desktop/Desk/interview/products/cybershield-web/.next/server/webpack-runtime.js:154:22)
    at <unknown> (file:///Users/soumanpaul/Desktop/Desk/interview/products/cybershield-web/.next/server/pages/_document.js:1:325)
    at Object.<anonymous> (file:///Users/soumanpaul/Desktop/Desk/interview/products/cybershield-web/.next/server/pages/_document.js:1:371)
    at Module._compile (node:internal/modules/cjs/loader:1934:14)
    at Object..js (node:internal/modules/cjs/loader:2074:10)
    at Module.load (node:internal/modules/cjs/loader:1656:32)
    at Module._load (node:internal/modules/cjs/loader:1448:12)
    at wrapModuleLoad (node:internal/modules/cjs/loader:261:19)
    at Module.<anonymous> (node:internal/modules/cjs/loader:1679:12)
    at mod.require (file:///Users/soumanpaul/Desktop/Desk/interview/products/cybershield-web/node_modules/next/dist/server/require-hook.js:68:28)
    at require (node:internal/modules/helpers:196:16)
    at requirePage (file:///Users/soumanpaul/Desktop/Desk/interview/products/cybershield-web/node_modules/next/dist/server/require.js:99:80)
    at loadComponentsImpl (file:///Users/soumanpaul/Desktop/Desk/interview/products/cybershield-web/node_modules/next/dist/server/load-components.js:86:38)
    at DevServer.findPageComponentsImpl (file:///Users/soumanpaul/Desktop/Desk/interview/products/cybershield-web/node_modules/next/dist/server/next-server.js:900:77)
    at <unknown> (file:///Users/soumanpaul/Desktop/Desk/interview/products/cybershield-web/node_modules/next/dist/server/next-server.js:878:21)
    at <unknown> (file:///Users/soumanpaul/Desktop/Desk/interview/products/cybershield-web/node_modules/next/dist/server/lib/trace/tracer.js:184:36)
    at NoopContextManager.with (file:///Users/soumanpaul/Desktop/Desk/interview/products/cybershield-web/node_modules/next/dist/compiled/@opentelemetry/api/index.js:1:7062)
    at ContextAPI.with (file:///Users/soumanpaul/Desktop/Desk/interview/products/cybershield-web/node_modules/next/dist/compiled/@opentelemetry/api/index.js:1:518)
    at NoopTracer.startActiveSpan (file:///Users/soumanpaul/Desktop/Desk/interview/products/cybershield-web/node_modules/next/dist/compiled/@opentelemetry/api/index.js:1:18093)
    at ProxyTracer.startActiveSpan (file:///Users/soumanpaul/Desktop/Desk/interview/products/cybershield-web/node_modules/next/dist/compiled/@opentelemetry/api/index.js:1:18854)
    at <unknown> (file:///Users/soumanpaul/Desktop/Desk/interview/products/cybershield-web/node_modules/next/dist/server/lib/trace/tracer.js:153:103)
    at NoopContextManager.with (file:///Users/soumanpaul/Desktop/Desk/interview/products/cybershield-web/node_modules/next/dist/compiled/@opentelemetry/api/index.js:1:7062)
    at ContextAPI.with (file:///Users/soumanpaul/Desktop/Desk/interview/products/cybershield-web/node_modules/next/dist/compiled/@opentelemetry/api/index.js:1:518)
    at NextTracerImpl.trace (file:///Users/soumanpaul/Desktop/Desk/interview/products/cybershield-web/node_modules/next/dist/server/lib/trace/tracer.js:153:28)
    at DevServer.findPageComponents (file:///Users/soumanpaul/Desktop/Desk/interview/products/cybershield-web/node_modules/next/dist/server/next-server.js:873:41)
    at DevServer.findPageComponents (file:///Users/soumanpaul/Desktop/Desk/interview/products/cybershield-web/node_modules/next/dist/server/dev/next-dev-server.js:706:28)
    at async DevServer.renderErrorToResponseImpl (file:///Users/soumanpaul/Desktop/Desk/interview/products/cybershield-web/node_modules/next/dist/server/base-server.js:1695:26)
    at async pipe.req.req (file:///Users/soumanpaul/Desktop/Desk/interview/products/cybershield-web/node_modules/next/dist/server/base-server.js:1618:30)
    at async DevServer.pipeImpl (file:///Users/soumanpaul/Desktop/Desk/interview/products/cybershield-web/node_modules/next/dist/server/base-server.js:1026:25)
    at async NextNodeServer.handleCatchallRenderRequest (file:///Users/soumanpaul/Desktop/Desk/interview/products/cybershield-web/node_modules/next/dist/server/next-server.js:409:21)
[   79588ms] [LOG] [HMR] connected @ webpack-internal:///(pages-dir-browser)/./node_modules/next/dist/client/dev/hot-reloader/pages/websocket.js:45
[   79600ms] [LOG] [Fast Refresh] rebuilding @ webpack-internal:///(pages-dir-browser)/./node_modules/next/dist/client/dev/hot-reloader/pages/hot-reloader-pages.js:206
[   79701ms] [LOG] [Fast Refresh] rebuilding @ webpack-internal:///(pages-dir-browser)/./node_modules/next/dist/client/dev/hot-reloader/pages/hot-reloader-pages.js:206
[   79706ms] [ERROR] Failed to load resource: the server responded with a status of 404 (Not Found) @ http://localhost:3000/_next/static/webpack/cf54367995c4a352.webpack.hot-update.json:0
[   79706ms] [WARNING] [Fast Refresh] performing full reload because your application had an unrecoverable error @ webpack-internal:///(pages-dir-browser)/./node_modules/next/dist/client/dev/hot-reloader/pages/hot-reloader-pages.js:347
[   79818ms] [LOG] [Fast Refresh] rebuilding @ webpack-internal:///(pages-dir-browser)/./node_modules/next/dist/client/dev/hot-reloader/pages/hot-reloader-pages.js:206
[   79825ms] [ERROR] Failed to load resource: the server responded with a status of 404 (Not Found) @ http://localhost:3000/_next/static/webpack/cf54367995c4a352.webpack.hot-update.json:0
[   79825ms] [WARNING] [Fast Refresh] performing full reload because your application had an unrecoverable error @ webpack-internal:///(pages-dir-browser)/./node_modules/next/dist/client/dev/hot-reloader/pages/hot-reloader-pages.js:347
[   80008ms] [ERROR] Failed to load resource: the server responded with a status of 500 (Internal Server Error) @ http://localhost:3000/captured-data:0
[   80361ms] [INFO] %cDownload the React DevTools for a better development experience: https://react.dev/link/react-devtools font-weight:bold @ webpack-internal:///(pages-dir-browser)/./node_modules/react-dom/cjs/react-dom-client.development.js:28004
[   80372ms] Error: Cannot find module './611.js'
Require stack:
- /Users/soumanpaul/Desktop/Desk/interview/products/cybershield-web/.next/server/webpack-runtime.js
- /Users/soumanpaul/Desktop/Desk/interview/products/cybershield-web/.next/server/pages/_document.js
- /Users/soumanpaul/Desktop/Desk/interview/products/cybershield-web/node_modules/next/dist/server/require.js
- /Users/soumanpaul/Desktop/Desk/interview/products/cybershield-web/node_modules/next/dist/server/load-components.js
- /Users/soumanpaul/Desktop/Desk/interview/products/cybershield-web/node_modules/next/dist/build/utils.js
- /Users/soumanpaul/Desktop/Desk/interview/products/cybershield-web/node_modules/next/dist/build/swc/options.js
- /Users/soumanpaul/Desktop/Desk/interview/products/cybershield-web/node_modules/next/dist/build/swc/index.js
- /Users/soumanpaul/Desktop/Desk/interview/products/cybershield-web/node_modules/next/dist/build/next-config-ts/transpile-config.js
- /Users/soumanpaul/Desktop/Desk/interview/products/cybershield-web/node_modules/next/dist/server/config.js
- /Users/soumanpaul/Desktop/Desk/interview/products/cybershield-web/node_modules/next/dist/server/next.js
- /Users/soumanpaul/Desktop/Desk/interview/products/cybershield-web/node_modules/next/dist/server/lib/start-server.js
    at Module.<anonymous> (node:internal/modules/cjs/loader:1569:15)
    at <unknown> (file:///Users/soumanpaul/Desktop/Desk/interview/products/cybershield-web/node_modules/next/dist/server/require-hook.js:57:36)
    at wrapResolveFilename (node:internal/modules/cjs/loader:1123:27)
    at defaultResolveImplForCJSLoading (node:internal/modules/cjs/loader:1147:10)
    at defaultResolve (node:internal/modules/cjs/loader:1204:20)
    at nextStep (node:internal/modules/customization_hooks:189:26)
    at He (file:///Users/soumanpaul/Desktop/Desk/interview/products/cybershield-web/node_modules/@tailwindcss/node/dist/index.js:1:1283)
    at nextStep (node:internal/modules/customization_hooks:189:26)
    at resolveWithHooks (node:internal/modules/customization_hooks:417:10)
    at resolveForCJSWithHooks (node:internal/modules/cjs/loader:1217:25)
    at Module._load (node:internal/modules/cjs/loader:1346:5)
    at wrapModuleLoad (node:internal/modules/cjs/loader:261:19)
    at Module.<anonymous> (node:internal/modules/cjs/loader:1679:12)
    at mod.require (file:///Users/soumanpaul/Desktop/Desk/interview/products/cybershield-web/node_modules/next/dist/server/require-hook.js:68:28)
    at require (node:internal/modules/helpers:196:16)
    at __webpack_require__.f.require (file:///Users/soumanpaul/Desktop/Desk/interview/products/cybershield-web/.next/server/webpack-runtime.js:195:28)
    at <unknown> (file:///Users/soumanpaul/Desktop/Desk/interview/products/cybershield-web/.next/server/webpack-runtime.js:103:40)
    at Array.reduce (<anonymous>)
    at __webpack_require__.e (file:///Users/soumanpaul/Desktop/Desk/interview/products/cybershield-web/.next/server/webpack-runtime.js:102:67)
    at Array.map (<anonymous>)
    at __webpack_require__.X (file:///Users/soumanpaul/Desktop/Desk/interview/products/cybershield-web/.next/server/webpack-runtime.js:154:22)
    at <unknown> (file:///Users/soumanpaul/Desktop/Desk/interview/products/cybershield-web/.next/server/pages/_document.js:1:325)
    at Object.<anonymous> (file:///Users/soumanpaul/Desktop/Desk/interview/products/cybershield-web/.next/server/pages/_document.js:1:371)
    at Module._compile (node:internal/modules/cjs/loader:1934:14)
    at Object..js (node:internal/modules/cjs/loader:2074:10)
    at Module.load (node:internal/modules/cjs/loader:1656:32)
    at Module._load (node:internal/modules/cjs/loader:1448:12)
    at wrapModuleLoad (node:internal/modules/cjs/loader:261:19)
    at Module.<anonymous> (node:internal/modules/cjs/loader:1679:12)
    at mod.require (file:///Users/soumanpaul/Desktop/Desk/interview/products/cybershield-web/node_modules/next/dist/server/require-hook.js:68:28)
    at require (node:internal/modules/helpers:196:16)
    at requirePage (file:///Users/soumanpaul/Desktop/Desk/interview/products/cybershield-web/node_modules/next/dist/server/require.js:99:80)
    at loadComponentsImpl (file:///Users/soumanpaul/Desktop/Desk/interview/products/cybershield-web/node_modules/next/dist/server/load-components.js:86:38)
    at DevServer.findPageComponentsImpl (file:///Users/soumanpaul/Desktop/Desk/interview/products/cybershield-web/node_modules/next/dist/server/next-server.js:900:77)
    at <unknown> (file:///Users/soumanpaul/Desktop/Desk/interview/products/cybershield-web/node_modules/next/dist/server/next-server.js:878:21)
    at <unknown> (file:///Users/soumanpaul/Desktop/Desk/interview/products/cybershield-web/node_modules/next/dist/server/lib/trace/tracer.js:184:36)
    at NoopContextManager.with (file:///Users/soumanpaul/Desktop/Desk/interview/products/cybershield-web/node_modules/next/dist/compiled/@opentelemetry/api/index.js:1:7062)
    at ContextAPI.with (file:///Users/soumanpaul/Desktop/Desk/interview/products/cybershield-web/node_modules/next/dist/compiled/@opentelemetry/api/index.js:1:518)
    at NoopTracer.startActiveSpan (file:///Users/soumanpaul/Desktop/Desk/interview/products/cybershield-web/node_modules/next/dist/compiled/@opentelemetry/api/index.js:1:18093)
    at ProxyTracer.startActiveSpan (file:///Users/soumanpaul/Desktop/Desk/interview/products/cybershield-web/node_modules/next/dist/compiled/@opentelemetry/api/index.js:1:18854)
    at <unknown> (file:///Users/soumanpaul/Desktop/Desk/interview/products/cybershield-web/node_modules/next/dist/server/lib/trace/tracer.js:153:103)
    at NoopContextManager.with (file:///Users/soumanpaul/Desktop/Desk/interview/products/cybershield-web/node_modules/next/dist/compiled/@opentelemetry/api/index.js:1:7062)
    at ContextAPI.with (file:///Users/soumanpaul/Desktop/Desk/interview/products/cybershield-web/node_modules/next/dist/compiled/@opentelemetry/api/index.js:1:518)
    at NextTracerImpl.trace (file:///Users/soumanpaul/Desktop/Desk/interview/products/cybershield-web/node_modules/next/dist/server/lib/trace/tracer.js:153:28)
    at DevServer.findPageComponents (file:///Users/soumanpaul/Desktop/Desk/interview/products/cybershield-web/node_modules/next/dist/server/next-server.js:873:41)
    at DevServer.findPageComponents (file:///Users/soumanpaul/Desktop/Desk/interview/products/cybershield-web/node_modules/next/dist/server/dev/next-dev-server.js:706:28)
    at async DevServer.renderErrorToResponseImpl (file:///Users/soumanpaul/Desktop/Desk/interview/products/cybershield-web/node_modules/next/dist/server/base-server.js:1695:26)
    at async pipe.req.req (file:///Users/soumanpaul/Desktop/Desk/interview/products/cybershield-web/node_modules/next/dist/server/base-server.js:1618:30)
    at async DevServer.pipeImpl (file:///Users/soumanpaul/Desktop/Desk/interview/products/cybershield-web/node_modules/next/dist/server/base-server.js:1026:25)
    at async NextNodeServer.handleCatchallRenderRequest (file:///Users/soumanpaul/Desktop/Desk/interview/products/cybershield-web/node_modules/next/dist/server/next-server.js:409:21)
[   80374ms] [LOG] [HMR] connected @ webpack-internal:///(pages-dir-browser)/./node_modules/next/dist/client/dev/hot-reloader/pages/websocket.js:45
[   80376ms] [LOG] [Fast Refresh] rebuilding @ webpack-internal:///(pages-dir-browser)/./node_modules/next/dist/client/dev/hot-reloader/pages/hot-reloader-pages.js:206
[   80480ms] [LOG] [Fast Refresh] rebuilding @ webpack-internal:///(pages-dir-browser)/./node_modules/next/dist/client/dev/hot-reloader/pages/hot-reloader-pages.js:206
[   80487ms] [ERROR] Failed to load resource: the server responded with a status of 404 (Not Found) @ http://localhost:3000/_next/static/webpack/cf54367995c4a352.webpack.hot-update.json:0
[   80487ms] [WARNING] [Fast Refresh] performing full reload because your application had an unrecoverable error @ webpack-internal:///(pages-dir-browser)/./node_modules/next/dist/client/dev/hot-reloader/pages/hot-reloader-pages.js:347
[   80600ms] [LOG] [Fast Refresh] rebuilding @ webpack-internal:///(pages-dir-browser)/./node_modules/next/dist/client/dev/hot-reloader/pages/hot-reloader-pages.js:206
[   80607ms] [ERROR] Failed to load resource: the server responded with a status of 404 (Not Found) @ http://localhost:3000/_next/static/webpack/cf54367995c4a352.webpack.hot-update.json:0
[   80607ms] [WARNING] [Fast Refresh] performing full reload because your application had an unrecoverable error @ webpack-internal:///(pages-dir-browser)/./node_modules/next/dist/client/dev/hot-reloader/pages/hot-reloader-pages.js:347
